feature,regression_importance,classifier_importance
delta_0_24,0.3350065150855824,0.3346964717208171
iddq_24h_uA,0.19029590711561084,0.18765177477921002
leakage_24h_uA,0.15088767798728267,0.1588715451884827
iddq_0h_uA,0.08896980488500973,0.08566638860335632
leakage_0h_uA,0.0826139234770737,0.08054964182464319
temperature_C,0.06872182629275357,0.06977725529724092
voltage_V,0.0637179305732284,0.06540520085073327
component_type_ADC,0.005731585816614791,0.004411518534541425
component_type_ASIC,0.005454960396374458,0.0048611621561289575
component_type_FPGA,0.0043893390128821735,0.0040909761472773774
component_type_DAC,0.004210529357587115,0.004018064897568653
