component_id,lot_id,component_type,iddq_0h_uA,iddq_24h_uA,predicted_168h_uA,absolute_limit_uA,predicted_limit_margin_uA,prediction_upper_uA,upper_limit_margin_uA,predicted_drift_rate,safety_slope,risk_score,final_risk_level,final_decision,primary_risk_driver,screening_recommendation
C010340,LOT-001,IC_A,26.75,41.195,71.94511225779087,50.0,-21.945112257790868,75.60060934113653,-25.600609341136533,0.2690185253439933,0.0078669642857142,100.0,CRITICAL,IMMEDIATE_REVIEW,PREDICTED_FUTURE_FAILURE,IMMEDIATE ENGINEERING REVIEW: Prioritize this component for confirmatory screening and investigate the predicted future failure risk.
C040142,LOT-004,IC_A,26.595,39.862,71.77685844727498,50.0,-21.776858447274975,75.43235553062064,-25.43235553062064,0.268939633614732,0.0078669642857142,100.0,CRITICAL,IMMEDIATE_REVIEW,PREDICTED_FUTURE_FAILURE,IMMEDIATE ENGINEERING REVIEW: Prioritize this component for confirmatory screening and investigate the predicted future failure risk.
C070070,LOT-007,IC_A,25.215,39.788,70.29277335690696,50.0,-20.292773356906963,73.94827044025263,-23.948270440252628,0.2683200795053985,0.0078669642857142,100.0,CRITICAL,IMMEDIATE_REVIEW,PREDICTED_FUTURE_FAILURE,IMMEDIATE ENGINEERING REVIEW: Prioritize this component for confirmatory screening and investigate the predicted future failure risk.
C020254,LOT-002,IC_A,24.964,38.014,69.97138062211403,50.0,-19.971380622114026,73.62687770545969,-23.62687770545969,0.2679010751316311,0.0078669642857142,100.0,CRITICAL,IMMEDIATE_REVIEW,PREDICTED_FUTURE_FAILURE,IMMEDIATE ENGINEERING REVIEW: Prioritize this component for confirmatory screening and investigate the predicted future failure risk.
C030266,LOT-003,IC_A,24.393,37.899,69.35411726803748,50.0,-19.354117268037484,73.00961435138315,-23.00961435138315,0.2676256980240326,0.0078669642857142,100.0,CRITICAL,IMMEDIATE_REVIEW,PREDICTED_FUTURE_FAILURE,IMMEDIATE ENGINEERING REVIEW: Prioritize this component for confirmatory screening and investigate the predicted future failure risk.
C090070,LOT-009,IC_A,25.014,37.632,69.94044487292572,50.0,-19.940444872925724,73.59594195627139,-23.59594195627139,0.267419314719796,0.0078669642857142,100.0,CRITICAL,IMMEDIATE_REVIEW,PREDICTED_FUTURE_FAILURE,IMMEDIATE ENGINEERING REVIEW: Prioritize this component for confirmatory screening and investigate the predicted future failure risk.
C010294,LOT-001,IC_A,23.74,38.058,68.63918340845954,50.0,-18.639183408459544,72.29468049180521,-22.29468049180521,0.2672570440979735,0.0078669642857142,100.0,CRITICAL,IMMEDIATE_REVIEW,PREDICTED_FUTURE_FAILURE,IMMEDIATE ENGINEERING REVIEW: Prioritize this component for confirmatory screening and investigate the predicted future failure risk.
C080432,LOT-008,IC_A,24.345,37.17,69.20691698430731,50.0,-19.206916984307313,72.86241406765298,-22.862414067652978,0.2670352201446864,0.0078669642857142,100.0,CRITICAL,IMMEDIATE_REVIEW,PREDICTED_FUTURE_FAILURE,IMMEDIATE ENGINEERING REVIEW: Prioritize this component for confirmatory screening and investigate the predicted future failure risk.
C080040,LOT-008,IC_A,26.972,41.925,71.77246087783057,50.0,-21.772460877830568,75.42795796117623,-25.427957961176233,0.2666694099870867,0.0078669642857142,100.0,CRITICAL,IMMEDIATE_REVIEW,PREDICTED_FUTURE_FAILURE,IMMEDIATE ENGINEERING REVIEW: Prioritize this component for confirmatory screening and investigate the predicted future failure risk.
C010064,LOT-001,IC_A,25.077,38.97,69.75232517884199,50.0,-19.752325178841986,73.40782226218765,-23.40782226218765,0.2659245546359642,0.0078669642857142,100.0,CRITICAL,IMMEDIATE_REVIEW,PREDICTED_FUTURE_FAILURE,IMMEDIATE ENGINEERING REVIEW: Prioritize this component for confirmatory screening and investigate the predicted future failure risk.
C060027,LOT-006,IC_A,25.204,38.041,69.85620716612557,50.0,-19.85620716612557,73.51170424947124,-23.511704249471236,0.2657869474174141,0.0078669642857142,100.0,CRITICAL,IMMEDIATE_REVIEW,PREDICTED_FUTURE_FAILURE,IMMEDIATE ENGINEERING REVIEW: Prioritize this component for confirmatory screening and investigate the predicted future failure risk.
C010280,LOT-001,IC_A,24.109,37.748,68.7223817001262,50.0,-18.722381700126206,72.37787878347187,-22.37787878347187,0.2655558434531321,0.0078669642857142,100.0,CRITICAL,IMMEDIATE_REVIEW,PREDICTED_FUTURE_FAILURE,IMMEDIATE ENGINEERING REVIEW: Prioritize this component for confirmatory screening and investigate the predicted future failure risk.
C060457,LOT-006,IC_A,26.366,39.809,70.8653261244034,50.0,-20.865326124403396,74.52082320774906,-24.52082320774906,0.2648769412166868,0.0078669642857142,100.0,CRITICAL,IMMEDIATE_REVIEW,PREDICTED_FUTURE_FAILURE,IMMEDIATE ENGINEERING REVIEW: Prioritize this component for confirmatory screening and investigate the predicted future failure risk.
C050139,LOT-005,IC_A,27.039,41.247,71.50467863243014,50.0,-21.504678632430142,75.16017571577581,-25.160175715775807,0.2646766585263699,0.0078669642857142,100.0,CRITICAL,IMMEDIATE_REVIEW,PREDICTED_FUTURE_FAILURE,IMMEDIATE ENGINEERING REVIEW: Prioritize this component for confirmatory screening and investigate the predicted future failure risk.
C030104,LOT-003,IC_A,26.251,38.255,70.51540615719696,50.0,-20.515406157196963,74.17090324054263,-24.17090324054263,0.2634786080785533,0.0078669642857142,100.0,CRITICAL,IMMEDIATE_REVIEW,PREDICTED_FUTURE_FAILURE,IMMEDIATE ENGINEERING REVIEW: Prioritize this component for confirmatory screening and investigate the predicted future failure risk.
C020041,LOT-002,IC_A,27.055,40.477,71.30213351239044,50.0,-21.30213351239044,74.9576305957361,-24.957630595736106,0.2633757947166097,0.0078669642857142,100.0,CRITICAL,IMMEDIATE_REVIEW,PREDICTED_FUTURE_FAILURE,IMMEDIATE ENGINEERING REVIEW: Prioritize this component for confirmatory screening and investigate the predicted future failure risk.
C030363,LOT-003,IC_A,26.092,38.46,70.3339668466811,50.0,-20.333966846681093,73.98946393002676,-23.98946393002676,0.2633450407540541,0.0078669642857142,100.0,CRITICAL,IMMEDIATE_REVIEW,PREDICTED_FUTURE_FAILURE,IMMEDIATE ENGINEERING REVIEW: Prioritize this component for confirmatory screening and investigate the predicted future failure risk.
C070007,LOT-007,IC_A,24.626,36.499,68.74357316107498,50.0,-18.743573161074977,72.39907024442064,-22.399070244420642,0.2626046021492558,0.0078669642857142,100.0,CRITICAL,IMMEDIATE_REVIEW,PREDICTED_FUTURE_FAILURE,IMMEDIATE ENGINEERING REVIEW: Prioritize this component for confirmatory screening and investigate the predicted future failure risk.
C070162,LOT-007,IC_A,26.019,36.542,70.00569594868324,50.0,-20.00569594868324,73.6611930320289,-23.661193032028905,0.2618255711231145,0.0078669642857142,100.0,CRITICAL,IMMEDIATE_REVIEW,PREDICTED_FUTURE_FAILURE,IMMEDIATE ENGINEERING REVIEW: Prioritize this component for confirmatory screening and investigate the predicted future failure risk.
C010437,LOT-001,IC_A,26.812,39.791,70.55824137485432,50.0,-20.55824137485432,74.21373845819998,-24.213738458199984,0.2603942938979424,0.0078669642857142,100.0,CRITICAL,IMMEDIATE_REVIEW,PREDICTED_FUTURE_FAILURE,IMMEDIATE ENGINEERING REVIEW: Prioritize this component for confirmatory screening and investigate the predicted future failure risk.
C050283,LOT-005,IC_A,26.615,37.645,69.97292462391775,50.0,-19.97292462391775,73.62842170726341,-23.628421707263414,0.2580828846661771,0.0078669642857142,100.0,CRITICAL,IMMEDIATE_REVIEW,PREDICTED_FUTURE_FAILURE,IMMEDIATE ENGINEERING REVIEW: Prioritize this component for confirmatory screening and investigate the predicted future failure risk.
C020115,LOT-002,IC_A,24.02,39.002,67.1865427588383,50.0,-17.1865427588383,70.84203984218396,-20.842039842183965,0.256943706897847,0.0078669642857142,100.0,CRITICAL,IMMEDIATE_REVIEW,PREDICTED_FUTURE_FAILURE,IMMEDIATE ENGINEERING REVIEW: Prioritize this component for confirmatory screening and investigate the predicted future failure risk.
C010037,LOT-001,IC_A,26.845,37.753,69.87978795625904,50.0,-19.879787956259037,73.5352850396047,-23.5352850396047,0.2561594521205895,0.0078669642857142,100.0,CRITICAL,IMMEDIATE_REVIEW,PREDICTED_FUTURE_FAILURE,IMMEDIATE ENGINEERING REVIEW: Prioritize this component for confirmatory screening and investigate the predicted future failure risk.
C020030,LOT-002,IC_A,25.386,39.049,68.31178090395015,50.0,-18.31178090395015,71.96727798729582,-21.967277987295816,0.2555106006187509,0.0078669642857142,100.0,CRITICAL,IMMEDIATE_REVIEW,PREDICTED_FUTURE_FAILURE,IMMEDIATE ENGINEERING REVIEW: Prioritize this component for confirmatory screening and investigate the predicted future failure risk.
C070303,LOT-007,IC_A,26.118,39.318,69.02065775378783,50.0,-19.02065775378783,72.6761548371335,-22.676154837133495,0.2553729628201657,0.0078669642857142,100.0,CRITICAL,IMMEDIATE_REVIEW,PREDICTED_FUTURE_FAILURE,IMMEDIATE ENGINEERING REVIEW: Prioritize this component for confirmatory screening and investigate the predicted future failure risk.
C050454,LOT-005,IC_A,26.935,38.554,69.25973019309161,50.0,-19.259730193091613,72.91522727643728,-22.915227276437278,0.2519329178160215,0.0078669642857142,100.0,CRITICAL,IMMEDIATE_REVIEW,PREDICTED_FUTURE_FAILURE,IMMEDIATE ENGINEERING REVIEW: Prioritize this component for confirmatory screening and investigate the predicted future failure risk.
C030156,LOT-003,IC_A,25.582,36.495,67.77183934983763,50.0,-17.771839349837634,71.4273364331833,-21.4273364331833,0.2511299961299859,0.0078669642857142,100.0,CRITICAL,IMMEDIATE_REVIEW,PREDICTED_FUTURE_FAILURE,IMMEDIATE ENGINEERING REVIEW: Prioritize this component for confirmatory screening and investigate the predicted future failure risk.
C100060,LOT-010,IC_A,26.493,39.007,68.6313700796356,50.0,-18.6313700796356,72.28686716298127,-22.286867162981267,0.2508236314264024,0.0078669642857142,100.0,CRITICAL,IMMEDIATE_REVIEW,PREDICTED_FUTURE_FAILURE,IMMEDIATE ENGINEERING REVIEW: Prioritize this component for confirmatory screening and investigate the predicted future failure risk.
C010218,LOT-001,IC_A,24.951,36.473,66.76647225946965,50.0,-16.76647225946965,70.42196934281532,-20.421969342815316,0.2489016205920812,0.0078669642857142,100.0,CRITICAL,IMMEDIATE_REVIEW,PREDICTED_FUTURE_FAILURE,IMMEDIATE ENGINEERING REVIEW: Prioritize this component for confirmatory screening and investigate the predicted future failure risk.
C090342,LOT-009,IC_A,23.231,32.719,64.68723729834056,50.0,-14.687237298340563,68.34273438168623,-18.342734381686228,0.2467633172520271,0.0078669642857142,100.0,CRITICAL,IMMEDIATE_REVIEW,PREDICTED_FUTURE_FAILURE,IMMEDIATE ENGINEERING REVIEW: Prioritize this component for confirmatory screening and investigate the predicted future failure risk.
C090081,LOT-009,IC_A,22.979,33.037,64.31318796996749,50.0,-14.313187969967487,67.96868505331315,-17.968685053313152,0.2460368331545683,0.0078669642857142,100.0,CRITICAL,IMMEDIATE_REVIEW,PREDICTED_FUTURE_FAILURE,IMMEDIATE ENGINEERING REVIEW: Prioritize this component for confirmatory screening and investigate the predicted future failure risk.
C040050,LOT-004,IC_A,23.008,34.449,63.91255039656171,50.0,-13.912550396561713,67.56804747990738,-17.568047479907378,0.2434794666462007,0.0078669642857142,100.0,CRITICAL,IMMEDIATE_REVIEW,PREDICTED_FUTURE_FAILURE,IMMEDIATE ENGINEERING REVIEW: Prioritize this component for confirmatory screening and investigate the predicted future failure risk.
C080165,LOT-008,IC_A,27.216,40.82,67.87017546774754,50.0,-17.870175467747544,71.52567255109321,-21.52567255109321,0.2419891396889734,0.0078669642857142,100.0,CRITICAL,IMMEDIATE_REVIEW,PREDICTED_FUTURE_FAILURE,IMMEDIATE ENGINEERING REVIEW: Prioritize this component for confirmatory screening and investigate the predicted future failure risk.
C020447,LOT-002,IC_A,23.815,32.754,63.62689621269008,50.0,-13.626896212690077,67.28239329603574,-17.282393296035735,0.2369755726945837,0.0078669642857142,100.0,CRITICAL,IMMEDIATE_REVIEW,PREDICTED_FUTURE_FAILURE,IMMEDIATE ENGINEERING REVIEW: Prioritize this component for confirmatory screening and investigate the predicted future failure risk.
C040371,LOT-004,IC_A,24.102,35.621,63.645800453733735,50.0,-13.645800453733735,67.30129753707939,-17.301297537079392,0.2353797646055579,0.0078669642857142,100.0,CRITICAL,IMMEDIATE_REVIEW,PREDICTED_FUTURE_FAILURE,IMMEDIATE ENGINEERING REVIEW: Prioritize this component for confirmatory screening and investigate the predicted future failure risk.
C010117,LOT-001,IC_A,25.16,35.422,64.68704070156926,50.0,-14.68704070156926,68.34253778491492,-18.342537784914924,0.2352800041760075,0.0078669642857142,100.0,CRITICAL,IMMEDIATE_REVIEW,PREDICTED_FUTURE_FAILURE,IMMEDIATE ENGINEERING REVIEW: Prioritize this component for confirmatory screening and investigate the predicted future failure risk.
C080484,LOT-008,IC_A,24.283,35.424,63.74641559063848,50.0,-13.746415590638478,67.40191267398414,-17.401912673984143,0.2349012832776099,0.0078669642857142,100.0,CRITICAL,IMMEDIATE_REVIEW,PREDICTED_FUTURE_FAILURE,IMMEDIATE ENGINEERING REVIEW: Prioritize this component for confirmatory screening and investigate the predicted future failure risk.
C040334,LOT-004,IC_A,27.393,40.756,66.8555354498904,50.0,-16.855535449890397,70.51103253323606,-20.51103253323606,0.2348960443445857,0.0078669642857142,100.0,CRITICAL,IMMEDIATE_REVIEW,PREDICTED_FUTURE_FAILURE,IMMEDIATE ENGINEERING REVIEW: Prioritize this component for confirmatory screening and investigate the predicted future failure risk.
C060023,LOT-006,IC_A,24.179,35.775,63.56819204779939,50.0,-13.568192047799393,67.22368913114505,-17.22368913114505,0.2344594764749964,0.0078669642857142,100.0,CRITICAL,IMMEDIATE_REVIEW,PREDICTED_FUTURE_FAILURE,IMMEDIATE ENGINEERING REVIEW: Prioritize this component for confirmatory screening and investigate the predicted future failure risk.
C040184,LOT-004,IC_A,24.504,34.393,63.776266675054096,50.0,-13.776266675054096,67.43176375839975,-17.431763758399754,0.2337634921134172,0.0078669642857142,100.0,CRITICAL,IMMEDIATE_REVIEW,PREDICTED_FUTURE_FAILURE,IMMEDIATE ENGINEERING REVIEW: Prioritize this component for confirmatory screening and investigate the predicted future failure risk.
C010104,LOT-001,IC_A,25.58,36.123,64.67993551677486,50.0,-14.679935516774862,68.33543260012053,-18.335432600120527,0.2327377114093742,0.0078669642857142,100.0,CRITICAL,IMMEDIATE_REVIEW,PREDICTED_FUTURE_FAILURE,IMMEDIATE ENGINEERING REVIEW: Prioritize this component for confirmatory screening and investigate the predicted future failure risk.
C090056,LOT-009,IC_A,25.61,35.199,64.38075318768037,50.0,-14.38075318768037,68.03625027102603,-18.036250271026034,0.2307782927838117,0.0078669642857142,100.0,CRITICAL,IMMEDIATE_REVIEW,PREDICTED_FUTURE_FAILURE,IMMEDIATE ENGINEERING REVIEW: Prioritize this component for confirmatory screening and investigate the predicted future failure risk.
C070144,LOT-007,IC_A,23.307,31.278,61.71191365519199,50.0,-11.711913655191992,65.36741073853764,-15.367410738537643,0.2286006765189999,0.0078669642857142,100.0,CRITICAL,IMMEDIATE_REVIEW,PREDICTED_FUTURE_FAILURE,IMMEDIATE ENGINEERING REVIEW: Prioritize this component for confirmatory screening and investigate the predicted future failure risk.
C090138,LOT-009,IC_A,23.334,31.133,61.6336259508269,50.0,-11.633625950826897,65.28912303417256,-15.289123034172562,0.2279739639930172,0.0078669642857142,100.0,CRITICAL,IMMEDIATE_REVIEW,PREDICTED_FUTURE_FAILURE,IMMEDIATE ENGINEERING REVIEW: Prioritize this component for confirmatory screening and investigate the predicted future failure risk.
C100322,LOT-010,IC_A,27.342,38.834,65.54846428715729,50.0,-15.548464287157287,69.20396137050295,-19.203961370502952,0.2274194302806981,0.0078669642857142,100.0,CRITICAL,IMMEDIATE_REVIEW,PREDICTED_FUTURE_FAILURE,IMMEDIATE ENGINEERING REVIEW: Prioritize this component for confirmatory screening and investigate the predicted future failure risk.
C070405,LOT-007,IC_A,22.865,29.529,61.01768051424964,50.0,-11.01768051424964,64.6731775975953,-14.673177597595298,0.2270992887752954,0.0078669642857142,100.0,CRITICAL,IMMEDIATE_REVIEW,PREDICTED_FUTURE_FAILURE,IMMEDIATE ENGINEERING REVIEW: Prioritize this component for confirmatory screening and investigate the predicted future failure risk.
C060261,LOT-006,IC_A,25.357,33.238,63.49196096296065,50.0,-13.491960962960647,67.14745804630631,-17.147458046306312,0.2269938152557181,0.0078669642857142,100.0,CRITICAL,IMMEDIATE_REVIEW,PREDICTED_FUTURE_FAILURE,IMMEDIATE ENGINEERING REVIEW: Prioritize this component for confirmatory screening and investigate the predicted future failure risk.
C080295,LOT-008,IC_A,27.341,39.081,65.41402029310967,50.0,-15.414020293109672,69.06951737645534,-19.069517376455337,0.2266251207923194,0.0078669642857142,100.0,CRITICAL,IMMEDIATE_REVIEW,PREDICTED_FUTURE_FAILURE,IMMEDIATE ENGINEERING REVIEW: Prioritize this component for confirmatory screening and investigate the predicted future failure risk.
C040279,LOT-004,IC_A,27.173,36.434,65.02397005086581,50.0,-15.023970050865813,68.67946713421148,-18.679467134211478,0.2253033931599155,0.0078669642857142,100.0,CRITICAL,IMMEDIATE_REVIEW,PREDICTED_FUTURE_FAILURE,IMMEDIATE ENGINEERING REVIEW: Prioritize this component for confirmatory screening and investigate the predicted future failure risk.
C090327,LOT-009,IC_A,27.687,41.059,65.50968722965229,50.0,-15.509687229652286,69.16518431299795,-19.16518431299795,0.2251350430336445,0.0078669642857142,100.0,CRITICAL,IMMEDIATE_REVIEW,PREDICTED_FUTURE_FAILURE,IMMEDIATE ENGINEERING REVIEW: Prioritize this component for confirmatory screening and investigate the predicted future failure risk.
C030322,LOT-003,IC_A,23.634,32.277,61.3073523056457,50.0,-11.3073523056457,64.96284938899136,-14.962849388991359,0.2242461446764625,0.0078669642857142,100.0,CRITICAL,IMMEDIATE_REVIEW,PREDICTED_FUTURE_FAILURE,IMMEDIATE ENGINEERING REVIEW: Prioritize this component for confirmatory screening and investigate the predicted future failure risk.
C010393,LOT-001,IC_A,23.66,32.158,61.1573342449772,50.0,-11.1573342449772,64.81283132832286,-14.812831328322858,0.2231984181248642,0.0078669642857142,100.0,CRITICAL,IMMEDIATE_REVIEW,PREDICTED_FUTURE_FAILURE,IMMEDIATE ENGINEERING REVIEW: Prioritize this component for confirmatory screening and investigate the predicted future failure risk.
C060374,LOT-006,IC_A,24.08,32.127,61.52056425787402,50.0,-11.520564257874021,65.17606134121968,-15.176061341219679,0.2228605015349644,0.0078669642857142,100.0,CRITICAL,IMMEDIATE_REVIEW,PREDICTED_FUTURE_FAILURE,IMMEDIATE ENGINEERING REVIEW: Prioritize this component for confirmatory screening and investigate the predicted future failure risk.
C030151,LOT-003,IC_A,23.752,31.917,61.17867146521533,50.0,-11.17867146521533,64.83416854856098,-14.834168548560982,0.2227778063405673,0.0078669642857142,100.0,CRITICAL,IMMEDIATE_REVIEW,PREDICTED_FUTURE_FAILURE,IMMEDIATE ENGINEERING REVIEW: Prioritize this component for confirmatory screening and investigate the predicted future failure risk.
C100298,LOT-010,IC_A,26.62,36.001,63.938922252886,50.0,-13.938922252886002,67.59441933623165,-17.594419336231653,0.2221364419814642,0.0078669642857142,100.0,CRITICAL,IMMEDIATE_REVIEW,PREDICTED_FUTURE_FAILURE,IMMEDIATE ENGINEERING REVIEW: Prioritize this component for confirmatory screening and investigate the predicted future failure risk.
C020176,LOT-002,IC_A,27.701,41.318,64.86573174254912,50.0,-14.865731742549116,68.52122882589478,-18.52122882589478,0.2212186413246971,0.0078669642857142,100.0,CRITICAL,IMMEDIATE_REVIEW,PREDICTED_FUTURE_FAILURE,IMMEDIATE ENGINEERING REVIEW: Prioritize this component for confirmatory screening and investigate the predicted future failure risk.
C080294,LOT-008,IC_A,26.159,34.113,62.86533067877956,50.0,-12.865330678779557,66.52082776212522,-16.520827762125222,0.218490063564164,0.0078669642857142,100.0,CRITICAL,IMMEDIATE_REVIEW,PREDICTED_FUTURE_FAILURE,IMMEDIATE ENGINEERING REVIEW: Prioritize this component for confirmatory screening and investigate the predicted future failure risk.
C090167,LOT-009,IC_A,23.386,31.652,60.07862357449493,50.0,-10.078623574494927,63.73412065784059,-13.734120657840592,0.2184084736577079,0.0078669642857142,100.0,CRITICAL,IMMEDIATE_REVIEW,PREDICTED_FUTURE_FAILURE,IMMEDIATE ENGINEERING REVIEW: Prioritize this component for confirmatory screening and investigate the predicted future failure risk.
C070369,LOT-007,IC_A,25.963,33.787,62.33409680675576,50.0,-12.33409680675576,65.98959389010142,-15.989593890101418,0.2164946238497366,0.0078669642857142,100.0,CRITICAL,IMMEDIATE_REVIEW,PREDICTED_FUTURE_FAILURE,IMMEDIATE ENGINEERING REVIEW: Prioritize this component for confirmatory screening and investigate the predicted future failure risk.
C040195,LOT-004,IC_A,23.394,30.817,59.56691982747111,50.0,-9.56691982747111,63.22241691081677,-13.222416910816769,0.2153149989730423,0.0078669642857142,100.0,CRITICAL,IMMEDIATE_REVIEW,PREDICTED_FUTURE_FAILURE,IMMEDIATE ENGINEERING REVIEW: Prioritize this component for confirmatory screening and investigate the predicted future failure risk.
C090445,LOT-009,IC_A,26.158,33.708,62.22021608056528,50.0,-12.22021608056528,65.87571316391094,-15.875713163910945,0.2146560480986028,0.0078669642857142,100.0,CRITICAL,IMMEDIATE_REVIEW,PREDICTED_FUTURE_FAILURE,IMMEDIATE ENGINEERING REVIEW: Prioritize this component for confirmatory screening and investigate the predicted future failure risk.
C010026,LOT-001,IC_A,26.807,34.83,62.868268737824685,50.0,-12.868268737824685,66.52376582117034,-16.523765821170343,0.2146504091537183,0.0078669642857142,100.0,CRITICAL,IMMEDIATE_REVIEW,PREDICTED_FUTURE_FAILURE,IMMEDIATE ENGINEERING REVIEW: Prioritize this component for confirmatory screening and investigate the predicted future failure risk.
C070460,LOT-007,IC_A,26.494,34.127,62.45470570727887,50.0,-12.454705707278869,66.11020279062453,-16.110202790624527,0.2140518196861837,0.0078669642857142,100.0,CRITICAL,IMMEDIATE_REVIEW,PREDICTED_FUTURE_FAILURE,IMMEDIATE ENGINEERING REVIEW: Prioritize this component for confirmatory screening and investigate the predicted future failure risk.
C070213,LOT-007,IC_A,26.878,35.061,62.780238335046896,50.0,-12.780238335046896,66.43573541839255,-16.435735418392554,0.2137037996133743,0.0078669642857142,100.0,CRITICAL,IMMEDIATE_REVIEW,PREDICTED_FUTURE_FAILURE,IMMEDIATE ENGINEERING REVIEW: Prioritize this component for confirmatory screening and investigate the predicted future failure risk.
C010006,LOT-001,IC_A,27.744,40.725,63.27263691525837,50.0,-13.272636915258367,66.92813399860404,-16.92813399860404,0.2114799816384427,0.0078669642857142,100.0,CRITICAL,IMMEDIATE_REVIEW,PREDICTED_FUTURE_FAILURE,IMMEDIATE ENGINEERING REVIEW: Prioritize this component for confirmatory screening and investigate the predicted future failure risk.
C080324,LOT-008,IC_A,26.512,33.202,62.02745608110646,50.0,-12.027456081106457,65.68295316445212,-15.682953164452115,0.2114015242923003,0.0078669642857142,100.0,CRITICAL,IMMEDIATE_REVIEW,PREDICTED_FUTURE_FAILURE,IMMEDIATE ENGINEERING REVIEW: Prioritize this component for confirmatory screening and investigate the predicted future failure risk.
C090452,LOT-009,IC_A,27.912,42.074,63.406424118631406,50.0,-13.406424118631406,67.06192120197707,-17.06192120197707,0.2112763340394726,0.0078669642857142,100.0,CRITICAL,IMMEDIATE_REVIEW,PREDICTED_FUTURE_FAILURE,IMMEDIATE ENGINEERING REVIEW: Prioritize this component for confirmatory screening and investigate the predicted future failure risk.
C060300,LOT-006,IC_A,26.962,32.917,62.02902211384455,50.0,-12.029022113844547,65.68451919719021,-15.684519197190212,0.2087322744871699,0.0078669642857142,100.0,CRITICAL,IMMEDIATE_REVIEW,PREDICTED_FUTURE_FAILURE,IMMEDIATE ENGINEERING REVIEW: Prioritize this component for confirmatory screening and investigate the predicted future failure risk.
C020161,LOT-002,IC_A,27.736,36.926,62.68670062788601,50.0,-12.686700627886012,66.34219771123168,-16.342197711231677,0.2080398846897976,0.0078669642857142,100.0,CRITICAL,IMMEDIATE_REVIEW,PREDICTED_FUTURE_FAILURE,IMMEDIATE ENGINEERING REVIEW: Prioritize this component for confirmatory screening and investigate the predicted future failure risk.
C080357,LOT-008,IC_A,24.548,32.551,59.37523826066987,50.0,-9.375238260669867,63.030735344015525,-13.030735344015525,0.2073049896468445,0.0078669642857142,100.0,CRITICAL,IMMEDIATE_REVIEW,PREDICTED_FUTURE_FAILURE,IMMEDIATE ENGINEERING REVIEW: Prioritize this component for confirmatory screening and investigate the predicted future failure risk.
C060447,LOT-006,IC_A,26.939,33.341,61.61039071999531,50.0,-11.610390719995308,65.26588780334097,-15.265887803340974,0.2063773257142578,0.0078669642857142,100.0,CRITICAL,IMMEDIATE_REVIEW,PREDICTED_FUTURE_FAILURE,IMMEDIATE ENGINEERING REVIEW: Prioritize this component for confirmatory screening and investigate the predicted future failure risk.
C080141,LOT-008,IC_A,23.601,30.247,57.57972741747838,50.0,-7.579727417478381,61.23522450082404,-11.235224500824039,0.2022543298659427,0.0078669642857142,100.0,CRITICAL,IMMEDIATE_REVIEW,PREDICTED_FUTURE_FAILURE,IMMEDIATE ENGINEERING REVIEW: Prioritize this component for confirmatory screening and investigate the predicted future failure risk.
C010014,LOT-001,IC_A,24.956,32.349,58.87846964459843,50.0,-8.878469644598432,62.53396672794409,-12.53396672794409,0.2019194621702288,0.0078669642857142,100.0,CRITICAL,IMMEDIATE_REVIEW,PREDICTED_FUTURE_FAILURE,IMMEDIATE ENGINEERING REVIEW: Prioritize this component for confirmatory screening and investigate the predicted future failure risk.
C070148,LOT-007,IC_A,26.007,32.474,58.54477914955874,50.0,-8.544779149558742,62.2002762329044,-12.2002762329044,0.1936772568426115,0.0078669642857142,100.0,CRITICAL,IMMEDIATE_REVIEW,PREDICTED_FUTURE_FAILURE,IMMEDIATE ENGINEERING REVIEW: Prioritize this component for confirmatory screening and investigate the predicted future failure risk.
C070086,LOT-007,IC_A,26.045,32.344,58.539119113844464,50.0,-8.539119113844464,62.19461619719012,-12.194616197190122,0.1934173756776456,0.0078669642857142,100.0,CRITICAL,IMMEDIATE_REVIEW,PREDICTED_FUTURE_FAILURE,IMMEDIATE ENGINEERING REVIEW: Prioritize this component for confirmatory screening and investigate the predicted future failure risk.
C070047,LOT-007,IC_A,25.076,31.365,57.5431945544733,50.0,-7.543194554473303,61.19869163781896,-11.19869163781896,0.1932571104432934,0.0078669642857142,100.0,CRITICAL,IMMEDIATE_REVIEW,PREDICTED_FUTURE_FAILURE,IMMEDIATE ENGINEERING REVIEW: Prioritize this component for confirmatory screening and investigate the predicted future failure risk.
C050355,LOT-005,IC_A,27.725,35.48,59.77147226100287,50.0,-9.77147226100287,63.42696934434853,-13.426969344348528,0.190752811077398,0.0078669642857142,100.0,CRITICAL,IMMEDIATE_REVIEW,PREDICTED_FUTURE_FAILURE,IMMEDIATE ENGINEERING REVIEW: Prioritize this component for confirmatory screening and investigate the predicted future failure risk.
C040119,LOT-004,IC_A,26.198,32.204,58.18868969320953,50.0,-8.188689693209533,61.84418677655519,-11.84418677655519,0.19042077198339,0.0078669642857142,100.0,CRITICAL,IMMEDIATE_REVIEW,PREDICTED_FUTURE_FAILURE,IMMEDIATE ENGINEERING REVIEW: Prioritize this component for confirmatory screening and investigate the predicted future failure risk.
C100216,LOT-010,IC_A,28.033,34.995,59.12207395508654,50.0,-9.122073955086542,62.7775710384322,-12.7775710384322,0.1850540116374198,0.0078669642857142,100.0,CRITICAL,IMMEDIATE_REVIEW,PREDICTED_FUTURE_FAILURE,IMMEDIATE ENGINEERING REVIEW: Prioritize this component for confirmatory screening and investigate the predicted future failure risk.
C070098,LOT-007,IC_A,16.898,31.843,64.1184394136003,50.0,-14.1184394136003,67.77393649694596,-17.773936496945964,0.2810740441285732,0.0078669642857142,95.0,CRITICAL,IMMEDIATE_REVIEW,PREDICTED_FUTURE_FAILURE,IMMEDIATE ENGINEERING REVIEW: Prioritize this component for confirmatory screening and investigate the predicted future failure risk.
C090168,LOT-009,IC_A,14.918,29.759,61.96771682794988,50.0,-11.967716827949879,65.62321391129554,-15.623213911295537,0.2800578382616064,0.0078669642857142,95.0,CRITICAL,IMMEDIATE_REVIEW,PREDICTED_FUTURE_FAILURE,IMMEDIATE ENGINEERING REVIEW: Prioritize this component for confirmatory screening and investigate the predicted future failure risk.
C020218,LOT-002,IC_A,15.385,29.071,62.40852278898885,50.0,-12.408522788988847,66.06401987233451,-16.064019872334512,0.2799019213630289,0.0078669642857142,95.0,CRITICAL,IMMEDIATE_REVIEW,PREDICTED_FUTURE_FAILURE,IMMEDIATE ENGINEERING REVIEW: Prioritize this component for confirmatory screening and investigate the predicted future failure risk.
C010012,LOT-001,IC_A,17.907,31.946,64.73719020802811,50.0,-14.73719020802811,68.39268729137378,-18.392687291373775,0.2787511321906435,0.0078669642857142,95.0,CRITICAL,IMMEDIATE_REVIEW,PREDICTED_FUTURE_FAILURE,IMMEDIATE ENGINEERING REVIEW: Prioritize this component for confirmatory screening and investigate the predicted future failure risk.
C090338,LOT-009,IC_A,17.514,32.195,64.09518608302811,50.0,-14.09518608302811,67.75068316637378,-17.750683166373776,0.2772689647799292,0.0078669642857142,95.0,CRITICAL,IMMEDIATE_REVIEW,PREDICTED_FUTURE_FAILURE,IMMEDIATE ENGINEERING REVIEW: Prioritize this component for confirmatory screening and investigate the predicted future failure risk.
C080092,LOT-008,IC_A,16.868,29.481,63.30909075734686,50.0,-13.309090757346858,66.96458784069252,-16.964587840692516,0.2764350640318265,0.0078669642857142,95.0,CRITICAL,IMMEDIATE_REVIEW,PREDICTED_FUTURE_FAILURE,IMMEDIATE ENGINEERING REVIEW: Prioritize this component for confirmatory screening and investigate the predicted future failure risk.
C080187,LOT-008,IC_A,16.578,30.002,62.81695508002417,50.0,-12.816955080024172,66.47245216336984,-16.472452163369837,0.2752318754763343,0.0078669642857142,95.0,CRITICAL,IMMEDIATE_REVIEW,PREDICTED_FUTURE_FAILURE,IMMEDIATE ENGINEERING REVIEW: Prioritize this component for confirmatory screening and investigate the predicted future failure risk.
C030414,LOT-003,IC_A,16.115,28.558,62.3329450082834,50.0,-12.332945008283403,65.98844209162907,-15.988442091629068,0.2751068155254965,0.0078669642857142,95.0,CRITICAL,IMMEDIATE_REVIEW,PREDICTED_FUTURE_FAILURE,IMMEDIATE ENGINEERING REVIEW: Prioritize this component for confirmatory screening and investigate the predicted future failure risk.
C030291,LOT-003,IC_A,15.837,30.653,61.53820507862972,50.0,-11.538205078629723,65.19370216197538,-15.19370216197538,0.2720309826108912,0.0078669642857142,95.0,CRITICAL,IMMEDIATE_REVIEW,PREDICTED_FUTURE_FAILURE,IMMEDIATE ENGINEERING REVIEW: Prioritize this component for confirmatory screening and investigate the predicted future failure risk.
C050486,LOT-005,IC_A,17.694,31.441,63.3444040591284,50.0,-13.3444040591284,66.99990114247406,-16.99990114247406,0.2717285955900499,0.0078669642857142,95.0,CRITICAL,IMMEDIATE_REVIEW,PREDICTED_FUTURE_FAILURE,IMMEDIATE ENGINEERING REVIEW: Prioritize this component for confirmatory screening and investigate the predicted future failure risk.
C100038,LOT-010,IC_A,24.936,39.785,70.47363565515734,50.0,-20.473635655157338,74.129132738503,-24.129132738503003,0.2710573550902223,0.0078669642857142,95.0,CRITICAL,IMMEDIATE_REVIEW,PREDICTED_FUTURE_FAILURE,IMMEDIATE ENGINEERING REVIEW: Prioritize this component for confirmatory screening and investigate the predicted future failure risk.
C090419,LOT-009,IC_A,16.795,30.618,62.3206586084957,50.0,-12.320658608495698,65.97615569184136,-15.976155691841356,0.2709860631458077,0.0078669642857142,95.0,CRITICAL,IMMEDIATE_REVIEW,PREDICTED_FUTURE_FAILURE,IMMEDIATE ENGINEERING REVIEW: Prioritize this component for confirmatory screening and investigate the predicted future failure risk.
C070019,LOT-007,IC_A,17.904,30.705,63.353261096015146,50.0,-13.353261096015146,67.00875817936081,-17.00875817936081,0.2705313160477092,0.0078669642857142,95.0,CRITICAL,IMMEDIATE_REVIEW,PREDICTED_FUTURE_FAILURE,IMMEDIATE ENGINEERING REVIEW: Prioritize this component for confirmatory screening and investigate the predicted future failure risk.
C100486,LOT-010,IC_A,24.379,36.837,69.63685675514063,50.0,-19.636856755140627,73.29235383848629,-23.292353838486292,0.2693920044948846,0.0078669642857142,95.0,CRITICAL,IMMEDIATE_REVIEW,PREDICTED_FUTURE_FAILURE,IMMEDIATE ENGINEERING REVIEW: Prioritize this component for confirmatory screening and investigate the predicted future failure risk.
C100419,LOT-010,IC_A,24.626,37.675,69.86173991982321,50.0,-19.861739919823208,73.51723700316887,-23.517237003168873,0.2692603566656143,0.0078669642857142,95.0,CRITICAL,IMMEDIATE_REVIEW,PREDICTED_FUTURE_FAILURE,IMMEDIATE ENGINEERING REVIEW: Prioritize this component for confirmatory screening and investigate the predicted future failure risk.
C080096,LOT-008,IC_A,19.294,31.79,64.29043812956488,50.0,-14.290438129564876,67.94593521291054,-17.94593521291054,0.26783594124741,0.0078669642857142,95.0,CRITICAL,IMMEDIATE_REVIEW,PREDICTED_FUTURE_FAILURE,IMMEDIATE ENGINEERING REVIEW: Prioritize this component for confirmatory screening and investigate the predicted future failure risk.
C020110,LOT-002,IC_A,19.604,29.02,63.92526978879459,50.0,-13.925269788794587,67.58076687214025,-17.580766872140245,0.2638170820761583,0.0078669642857142,95.0,CRITICAL,IMMEDIATE_REVIEW,PREDICTED_FUTURE_FAILURE,IMMEDIATE ENGINEERING REVIEW: Prioritize this component for confirmatory screening and investigate the predicted future failure risk.
C060420,LOT-006,IC_A,16.896,26.785,61.2149841505647,50.0,-11.214984150564703,64.87048123391037,-14.870481233910368,0.2638034770866946,0.0078669642857142,95.0,CRITICAL,IMMEDIATE_REVIEW,PREDICTED_FUTURE_FAILURE,IMMEDIATE ENGINEERING REVIEW: Prioritize this component for confirmatory screening and investigate the predicted future failure risk.
C010286,LOT-001,IC_A,18.184,31.22,62.49476701168972,50.0,-12.494767011689717,66.15026409503538,-16.150264095035382,0.2637545655457721,0.0078669642857142,95.0,CRITICAL,IMMEDIATE_REVIEW,PREDICTED_FUTURE_FAILURE,IMMEDIATE ENGINEERING REVIEW: Prioritize this component for confirmatory screening and investigate the predicted future failure risk.
C020077,LOT-002,IC_A,19.969,29.04,64.25552547431046,50.0,-14.25552547431046,67.91102255765612,-17.911022557656125,0.2636102706804194,0.0078669642857142,95.0,CRITICAL,IMMEDIATE_REVIEW,PREDICTED_FUTURE_FAILURE,IMMEDIATE ENGINEERING REVIEW: Prioritize this component for confirmatory screening and investigate the predicted future failure risk.
C090412,LOT-009,IC_A,17.794,28.127,61.83337636115968,50.0,-11.83337636115968,65.48887344450534,-15.488873444505344,0.2621391450069029,0.0078669642857142,95.0,CRITICAL,IMMEDIATE_REVIEW,PREDICTED_FUTURE_FAILURE,IMMEDIATE ENGINEERING REVIEW: Prioritize this component for confirmatory screening and investigate the predicted future failure risk.
C040381,LOT-004,IC_A,19.637,34.391,63.6468565588092,50.0,-13.646856558809198,67.30235364215486,-17.302353642154856,0.2619634318976738,0.0078669642857142,95.0,CRITICAL,IMMEDIATE_REVIEW,PREDICTED_FUTURE_FAILURE,IMMEDIATE ENGINEERING REVIEW: Prioritize this component for confirmatory screening and investigate the predicted future failure risk.
C060157,LOT-006,IC_A,20.172,29.385,64.01735486094464,50.0,-14.017354860944636,67.6728519442903,-17.6728519442903,0.2609842551246705,0.0078669642857142,95.0,CRITICAL,IMMEDIATE_REVIEW,PREDICTED_FUTURE_FAILURE,IMMEDIATE ENGINEERING REVIEW: Prioritize this component for confirmatory screening and investigate the predicted future failure risk.
C040036,LOT-004,IC_A,20.021,33.205,63.79764559550862,50.0,-13.79764559550862,67.45314267885428,-17.453142678854277,0.260575271401837,0.0078669642857142,95.0,CRITICAL,IMMEDIATE_REVIEW,PREDICTED_FUTURE_FAILURE,IMMEDIATE ENGINEERING REVIEW: Prioritize this component for confirmatory screening and investigate the predicted future failure risk.
C080485,LOT-008,IC_A,19.404,28.903,63.15970403190563,50.0,-13.159704031905633,66.8152011152513,-16.8152011152513,0.2604506192375335,0.0078669642857142,95.0,CRITICAL,IMMEDIATE_REVIEW,PREDICTED_FUTURE_FAILURE,IMMEDIATE ENGINEERING REVIEW: Prioritize this component for confirmatory screening and investigate the predicted future failure risk.
C060297,LOT-006,IC_A,19.243,30.769,62.95838071109446,50.0,-12.958380711094463,66.61387779444013,-16.61387779444013,0.2602105994708004,0.0078669642857142,95.0,CRITICAL,IMMEDIATE_REVIEW,PREDICTED_FUTURE_FAILURE,IMMEDIATE ENGINEERING REVIEW: Prioritize this component for confirmatory screening and investigate the predicted future failure risk.
C040359,LOT-004,IC_A,18.735,31.391,62.40401086170775,50.0,-12.404010861707746,66.05950794505341,-16.05950794505341,0.2599345884625461,0.0078669642857142,95.0,CRITICAL,IMMEDIATE_REVIEW,PREDICTED_FUTURE_FAILURE,IMMEDIATE ENGINEERING REVIEW: Prioritize this component for confirmatory screening and investigate the predicted future failure risk.
C090214,LOT-009,IC_A,18.787,28.857,62.30311025785328,50.0,-12.303110257853277,65.95860734119894,-15.958607341198942,0.2590244658205552,0.0078669642857142,95.0,CRITICAL,IMMEDIATE_REVIEW,PREDICTED_FUTURE_FAILURE,IMMEDIATE ENGINEERING REVIEW: Prioritize this component for confirmatory screening and investigate the predicted future failure risk.
C050039,LOT-005,IC_A,20.312,34.128,63.74114418660501,50.0,-13.741144186605013,67.39664126995068,-17.396641269950678,0.2585068106345536,0.0078669642857142,95.0,CRITICAL,IMMEDIATE_REVIEW,PREDICTED_FUTURE_FAILURE,IMMEDIATE ENGINEERING REVIEW: Prioritize this component for confirmatory screening and investigate the predicted future failure risk.
C040071,LOT-004,IC_A,20.225,35.066,63.60264300622986,50.0,-13.602643006229862,67.25814008957552,-17.25814008957552,0.2582002559894634,0.0078669642857142,95.0,CRITICAL,IMMEDIATE_REVIEW,PREDICTED_FUTURE_FAILURE,IMMEDIATE ENGINEERING REVIEW: Prioritize this component for confirmatory screening and investigate the predicted future failure risk.
C050088,LOT-005,IC_A,21.542,32.852,64.8674733825758,50.0,-14.867473382575795,68.52297046592146,-18.52297046592146,0.2578897225153321,0.0078669642857142,95.0,CRITICAL,IMMEDIATE_REVIEW,PREDICTED_FUTURE_FAILURE,IMMEDIATE ENGINEERING REVIEW: Prioritize this component for confirmatory screening and investigate the predicted future failure risk.
C090087,LOT-009,IC_A,21.078,29.883,64.13911249161261,50.0,-14.139112491612607,67.79460957495827,-17.794609574958272,0.2563161457834083,0.0078669642857142,95.0,CRITICAL,IMMEDIATE_REVIEW,PREDICTED_FUTURE_FAILURE,IMMEDIATE ENGINEERING REVIEW: Prioritize this component for confirmatory screening and investigate the predicted future failure risk.
C030401,LOT-003,IC_A,19.951,33.914,62.986162868145655,50.0,-12.986162868145655,66.64165995149132,-16.64165995149132,0.2561616837389622,0.0078669642857142,95.0,CRITICAL,IMMEDIATE_REVIEW,PREDICTED_FUTURE_FAILURE,IMMEDIATE ENGINEERING REVIEW: Prioritize this component for confirmatory screening and investigate the predicted future failure risk.
C040302,LOT-004,IC_A,19.868,31.386,62.7777737766053,50.0,-12.7777737766053,66.43327085995097,-16.433270859950966,0.2554153200988411,0.0078669642857142,95.0,CRITICAL,IMMEDIATE_REVIEW,PREDICTED_FUTURE_FAILURE,IMMEDIATE ENGINEERING REVIEW: Prioritize this component for confirmatory screening and investigate the predicted future failure risk.
C050389,LOT-005,IC_A,26.373,36.517,69.18821253697692,50.0,-19.18821253697692,72.84370962032258,-22.843709620322585,0.2548524555772435,0.0078669642857142,95.0,CRITICAL,IMMEDIATE_REVIEW,PREDICTED_FUTURE_FAILURE,IMMEDIATE ENGINEERING REVIEW: Prioritize this component for confirmatory screening and investigate the predicted future failure risk.
C100054,LOT-010,IC_A,25.542,39.057,68.31332868172792,50.0,-18.313328681727924,71.96882576507359,-21.96882576507359,0.2545912421531424,0.0078669642857142,95.0,CRITICAL,IMMEDIATE_REVIEW,PREDICTED_FUTURE_FAILURE,IMMEDIATE ENGINEERING REVIEW: Prioritize this component for confirmatory screening and investigate the predicted future failure risk.
C070185,LOT-007,IC_A,20.181,33.651,62.91235576298693,50.0,-12.912355762986927,66.5678528463326,-16.5678528463326,0.2543533081130175,0.0078669642857142,95.0,CRITICAL,IMMEDIATE_REVIEW,PREDICTED_FUTURE_FAILURE,IMMEDIATE ENGINEERING REVIEW: Prioritize this component for confirmatory screening and investigate the predicted future failure risk.
C030316,LOT-003,IC_A,19.84,30.164,62.56479625541124,50.0,-12.564796255411238,66.2202933387569,-16.220293338756903,0.2543142634250668,0.0078669642857142,95.0,CRITICAL,IMMEDIATE_REVIEW,PREDICTED_FUTURE_FAILURE,IMMEDIATE ENGINEERING REVIEW: Prioritize this component for confirmatory screening and investigate the predicted future failure risk.
C030213,LOT-003,IC_A,20.758,32.229,63.441241251262646,50.0,-13.441241251262646,67.0967383346083,-17.096738334608304,0.2540669122098967,0.0078669642857142,95.0,CRITICAL,IMMEDIATE_REVIEW,PREDICTED_FUTURE_FAILURE,IMMEDIATE ENGINEERING REVIEW: Prioritize this component for confirmatory screening and investigate the predicted future failure risk.
C050210,LOT-005,IC_A,21.27,34.807,63.687820125999,50.0,-13.687820125999004,67.34331720934466,-17.34331720934466,0.2524870245595179,0.0078669642857142,95.0,CRITICAL,IMMEDIATE_REVIEW,PREDICTED_FUTURE_FAILURE,IMMEDIATE ENGINEERING REVIEW: Prioritize this component for confirmatory screening and investigate the predicted future failure risk.
C030125,LOT-003,IC_A,21.304,34.585,63.70173179401847,50.0,-13.701731794018471,67.35722887736414,-17.357228877364136,0.2523674511548718,0.0078669642857142,95.0,CRITICAL,IMMEDIATE_REVIEW,PREDICTED_FUTURE_FAILURE,IMMEDIATE ENGINEERING REVIEW: Prioritize this component for confirmatory screening and investigate the predicted future failure risk.
C060319,LOT-006,IC_A,21.434,35.032,63.69742729861805,50.0,-13.697427298618052,67.35292438196372,-17.352924381963717,0.2515680196346312,0.0078669642857142,95.0,CRITICAL,IMMEDIATE_REVIEW,PREDICTED_FUTURE_FAILURE,IMMEDIATE ENGINEERING REVIEW: Prioritize this component for confirmatory screening and investigate the predicted future failure risk.
C080142,LOT-008,IC_A,22.305,32.127,64.24780026659448,50.0,-14.247800266594481,67.90329734994015,-17.903297349940146,0.2496595253963957,0.0078669642857142,95.0,CRITICAL,IMMEDIATE_REVIEW,PREDICTED_FUTURE_FAILURE,IMMEDIATE ENGINEERING REVIEW: Prioritize this component for confirmatory screening and investigate the predicted future failure risk.
C030281,LOT-003,IC_A,21.853,35.335,63.31052063664109,50.0,-13.310520636641087,66.96601771998675,-16.966017719986752,0.2467709561704826,0.0078669642857142,95.0,CRITICAL,IMMEDIATE_REVIEW,PREDICTED_FUTURE_FAILURE,IMMEDIATE ENGINEERING REVIEW: Prioritize this component for confirmatory screening and investigate the predicted future failure risk.
C100482,LOT-010,IC_A,21.733,36.18,62.80691843254654,50.0,-12.806918432546539,66.4624155158922,-16.462415515892204,0.2444876097175388,0.0078669642857142,95.0,CRITICAL,IMMEDIATE_REVIEW,PREDICTED_FUTURE_FAILURE,IMMEDIATE ENGINEERING REVIEW: Prioritize this component for confirmatory screening and investigate the predicted future failure risk.
C060092,LOT-006,IC_A,21.079,27.959,61.96045193812436,50.0,-11.960451938124358,65.61594902147002,-15.615949021470016,0.2433419758221688,0.0078669642857142,95.0,CRITICAL,IMMEDIATE_REVIEW,PREDICTED_FUTURE_FAILURE,IMMEDIATE ENGINEERING REVIEW: Prioritize this component for confirmatory screening and investigate the predicted future failure risk.
C090102,LOT-009,IC_A,22.64,35.705,63.31050909975433,50.0,-13.310509099754327,66.96600618309999,-16.966006183099992,0.2420863636890138,0.0078669642857142,95.0,CRITICAL,IMMEDIATE_REVIEW,PREDICTED_FUTURE_FAILURE,IMMEDIATE ENGINEERING REVIEW: Prioritize this component for confirmatory screening and investigate the predicted future failure risk.
C020051,LOT-002,IC_A,21.1,29.907,61.54316675351729,50.0,-11.54316675351729,65.19866383686295,-15.198663836862949,0.2407331354376029,0.0078669642857142,95.0,CRITICAL,IMMEDIATE_REVIEW,PREDICTED_FUTURE_FAILURE,IMMEDIATE ENGINEERING REVIEW: Prioritize this component for confirmatory screening and investigate the predicted future failure risk.
C090397,LOT-009,IC_A,21.095,30.585,61.51472993903317,50.0,-11.514729939033167,65.17022702237884,-15.170227022378839,0.2405936305894832,0.0078669642857142,95.0,CRITICAL,IMMEDIATE_REVIEW,PREDICTED_FUTURE_FAILURE,IMMEDIATE ENGINEERING REVIEW: Prioritize this component for confirmatory screening and investigate the predicted future failure risk.
C080468,LOT-008,IC_A,21.419,29.09,61.756856003982165,50.0,-11.756856003982165,65.41235308732783,-15.41235308732783,0.2401062857379891,0.0078669642857142,95.0,CRITICAL,IMMEDIATE_REVIEW,PREDICTED_FUTURE_FAILURE,IMMEDIATE ENGINEERING REVIEW: Prioritize this component for confirmatory screening and investigate the predicted future failure risk.
C080038,LOT-008,IC_A,21.847,31.779,61.96348863573228,50.0,-11.963488635732283,65.61898571907794,-15.61898571907794,0.2387886228317397,0.0078669642857142,95.0,CRITICAL,IMMEDIATE_REVIEW,PREDICTED_FUTURE_FAILURE,IMMEDIATE ENGINEERING REVIEW: Prioritize this component for confirmatory screening and investigate the predicted future failure risk.
C040173,LOT-004,IC_A,21.794,30.746,61.45412167487371,50.0,-11.454121674873711,65.10961875821937,-15.10961875821937,0.2360721528266292,0.0078669642857142,95.0,CRITICAL,IMMEDIATE_REVIEW,PREDICTED_FUTURE_FAILURE,IMMEDIATE ENGINEERING REVIEW: Prioritize this component for confirmatory screening and investigate the predicted future failure risk.
C070259,LOT-007,IC_A,21.984,30.813,61.38520417938305,50.0,-11.385204179383052,65.04070126272872,-15.040701262728717,0.2345309772582324,0.0078669642857142,95.0,CRITICAL,IMMEDIATE_REVIEW,PREDICTED_FUTURE_FAILURE,IMMEDIATE ENGINEERING REVIEW: Prioritize this component for confirmatory screening and investigate the predicted future failure risk.
C100187,LOT-010,IC_A,25.012,34.611,64.16500232169913,50.0,-14.165002321699134,67.8204994050448,-17.8204994050448,0.2330535852482091,0.0078669642857142,95.0,CRITICAL,IMMEDIATE_REVIEW,PREDICTED_FUTURE_FAILURE,IMMEDIATE ENGINEERING REVIEW: Prioritize this component for confirmatory screening and investigate the predicted future failure risk.
C100077,LOT-010,IC_A,25.164,34.752,64.24348355735931,50.0,-14.243483557359312,67.89898064070498,-17.898980640704977,0.2326159735557101,0.0078669642857142,95.0,CRITICAL,IMMEDIATE_REVIEW,PREDICTED_FUTURE_FAILURE,IMMEDIATE ENGINEERING REVIEW: Prioritize this component for confirmatory screening and investigate the predicted future failure risk.
C090239,LOT-009,IC_A,22.436,30.527,61.42824002703544,50.0,-11.428240027035443,65.08373711038111,-15.083737110381108,0.2320966668275919,0.0078669642857142,95.0,CRITICAL,IMMEDIATE_REVIEW,PREDICTED_FUTURE_FAILURE,IMMEDIATE ENGINEERING REVIEW: Prioritize this component for confirmatory screening and investigate the predicted future failure risk.
C020090,LOT-002,IC_A,21.994,29.267,60.85705521239177,50.0,-10.85705521239177,64.51255229573744,-14.512552295737436,0.23132770959757,0.0078669642857142,95.0,CRITICAL,IMMEDIATE_REVIEW,PREDICTED_FUTURE_FAILURE,IMMEDIATE ENGINEERING REVIEW: Prioritize this component for confirmatory screening and investigate the predicted future failure risk.
C080335,LOT-008,IC_A,22.122,28.465,60.648680595238105,50.0,-10.648680595238105,64.30417767858377,-14.30417767858377,0.2293254797335601,0.0078669642857142,95.0,CRITICAL,IMMEDIATE_REVIEW,PREDICTED_FUTURE_FAILURE,IMMEDIATE ENGINEERING REVIEW: Prioritize this component for confirmatory screening and investigate the predicted future failure risk.
C020461,LOT-002,IC_A,23.096,31.168,61.61812427838824,50.0,-11.618124278388237,65.2736213617339,-15.273621361733902,0.22929835879993,0.0078669642857142,95.0,CRITICAL,IMMEDIATE_REVIEW,PREDICTED_FUTURE_FAILURE,IMMEDIATE ENGINEERING REVIEW: Prioritize this component for confirmatory screening and investigate the predicted future failure risk.
C050381,LOT-005,IC_A,26.131,35.593,64.47831611129148,50.0,-14.478316111291477,68.13381319463714,-18.133813194637142,0.2282578339957826,0.0078669642857142,95.0,CRITICAL,IMMEDIATE_REVIEW,PREDICTED_FUTURE_FAILURE,IMMEDIATE ENGINEERING REVIEW: Prioritize this component for confirmatory screening and investigate the predicted future failure risk.
C050437,LOT-005,IC_A,25.561,32.973,63.78126095313024,50.0,-13.781260953130243,67.43675803647591,-17.436758036475908,0.2275015532924419,0.0078669642857142,95.0,CRITICAL,IMMEDIATE_REVIEW,PREDICTED_FUTURE_FAILURE,IMMEDIATE ENGINEERING REVIEW: Prioritize this component for confirmatory screening and investigate the predicted future failure risk.
C080300,LOT-008,IC_A,22.261,28.365,60.41610455456353,50.0,-10.416104554563532,64.0716016379092,-14.071601637909197,0.2271137175866877,0.0078669642857142,95.0,CRITICAL,IMMEDIATE_REVIEW,PREDICTED_FUTURE_FAILURE,IMMEDIATE ENGINEERING REVIEW: Prioritize this component for confirmatory screening and investigate the predicted future failure risk.
C050111,LOT-005,IC_A,24.48,32.133,59.81430726364604,50.0,-9.814307263646043,63.4698043469917,-13.469804346991701,0.2103232575217026,0.0078669642857142,95.0,CRITICAL,IMMEDIATE_REVIEW,PREDICTED_FUTURE_FAILURE,IMMEDIATE ENGINEERING REVIEW: Prioritize this component for confirmatory screening and investigate the predicted future failure risk.
C100235,LOT-010,IC_A,25.045,32.505,58.821049805312725,50.0,-8.821049805312725,62.47654688865838,-12.476546888658383,0.2010479155078138,0.0078669642857142,95.0,CRITICAL,IMMEDIATE_REVIEW,PREDICTED_FUTURE_FAILURE,IMMEDIATE ENGINEERING REVIEW: Prioritize this component for confirmatory screening and investigate the predicted future failure risk.
C050306,LOT-005,IC_A,28.023,28.675,52.395890433982665,50.0,-2.3958904339826645,56.05138751732832,-6.0513875173283225,0.1450767287737063,0.0078669642857142,95.0,CRITICAL,IMMEDIATE_REVIEW,PREDICTED_FUTURE_FAILURE,IMMEDIATE ENGINEERING REVIEW: Prioritize this component for confirmatory screening and investigate the predicted future failure risk.
C100288,LOT-010,IC_A,28.368,29.042,52.4558050470779,50.0,-2.4558050470779023,56.11130213042356,-6.11130213042356,0.1433797919468923,0.0078669642857142,95.0,CRITICAL,IMMEDIATE_REVIEW,PREDICTED_FUTURE_FAILURE,IMMEDIATE ENGINEERING REVIEW: Prioritize this component for confirmatory screening and investigate the predicted future failure risk.
C050016,LOT-005,IC_A,28.204,28.356,51.71551274945886,50.0,-1.7155127494588598,55.37100983280452,-5.371009832804518,0.1399494806515408,0.0078669642857142,95.0,CRITICAL,IMMEDIATE_REVIEW,PREDICTED_FUTURE_FAILURE,IMMEDIATE ENGINEERING REVIEW: Prioritize this component for confirmatory screening and investigate the predicted future failure risk.
C100226,LOT-010,IC_A,14.95,28.98,62.82174475652129,50.0,-12.82174475652129,66.47724183986695,-16.47724183986695,0.28495086164596,0.0078669642857142,90.0,CRITICAL,IMMEDIATE_REVIEW,PREDICTED_FUTURE_FAILURE,IMMEDIATE ENGINEERING REVIEW: Prioritize this component for confirmatory screening and investigate the predicted future failure risk.
C050292,LOT-005,IC_A,17.377,28.467,64.46985571483381,50.0,-14.469855714833812,68.12535279817948,-18.125352798179478,0.2803146173502013,0.0078669642857142,90.0,CRITICAL,IMMEDIATE_REVIEW,PREDICTED_FUTURE_FAILURE,IMMEDIATE ENGINEERING REVIEW: Prioritize this component for confirmatory screening and investigate the predicted future failure risk.
C010151,LOT-001,IC_A,17.492,28.409,64.57193436562747,50.0,-14.57193436562747,68.22743144897314,-18.227431448973135,0.2802377045573063,0.0078669642857142,90.0,CRITICAL,IMMEDIATE_REVIEW,PREDICTED_FUTURE_FAILURE,IMMEDIATE ENGINEERING REVIEW: Prioritize this component for confirmatory screening and investigate the predicted future failure risk.
C100494,LOT-010,IC_A,15.395,28.843,62.30947966083226,50.0,-12.30947966083226,65.96497674417792,-15.964976744177918,0.2792528551240015,0.0078669642857142,90.0,CRITICAL,IMMEDIATE_REVIEW,PREDICTED_FUTURE_FAILURE,IMMEDIATE ENGINEERING REVIEW: Prioritize this component for confirmatory screening and investigate the predicted future failure risk.
C100432,LOT-010,IC_A,17.09,29.126,63.89375107810943,50.0,-13.893751078109432,67.54924816145508,-17.549248161455083,0.278593756417318,0.0078669642857142,90.0,CRITICAL,IMMEDIATE_REVIEW,PREDICTED_FUTURE_FAILURE,IMMEDIATE ENGINEERING REVIEW: Prioritize this component for confirmatory screening and investigate the predicted future failure risk.
C030380,LOT-003,IC_A,15.608,28.1,62.01864046842049,50.0,-12.018640468420493,65.67413755176615,-15.674137551766151,0.2762538123120268,0.0078669642857142,90.0,CRITICAL,IMMEDIATE_REVIEW,PREDICTED_FUTURE_FAILURE,IMMEDIATE ENGINEERING REVIEW: Prioritize this component for confirmatory screening and investigate the predicted future failure risk.
C080077,LOT-008,IC_A,15.119,25.974,60.96437246860079,50.0,-10.964372468600793,64.61986955194645,-14.61986955194645,0.2728891218369094,0.0078669642857142,90.0,CRITICAL,IMMEDIATE_REVIEW,PREDICTED_FUTURE_FAILURE,IMMEDIATE ENGINEERING REVIEW: Prioritize this component for confirmatory screening and investigate the predicted future failure risk.
C100312,LOT-010,IC_A,17.177,28.035,62.7229981431416,50.0,-12.722998143141602,66.37849522648726,-16.37849522648726,0.2711071318044142,0.0078669642857142,90.0,CRITICAL,IMMEDIATE_REVIEW,PREDICTED_FUTURE_FAILURE,IMMEDIATE ENGINEERING REVIEW: Prioritize this component for confirmatory screening and investigate the predicted future failure risk.
C010289,LOT-001,IC_A,15.663,22.907,60.833652799152205,50.0,-10.833652799152205,64.48914988249787,-14.48914988249787,0.2688729333282869,0.0078669642857142,90.0,CRITICAL,IMMEDIATE_REVIEW,PREDICTED_FUTURE_FAILURE,IMMEDIATE ENGINEERING REVIEW: Prioritize this component for confirmatory screening and investigate the predicted future failure risk.
C060313,LOT-006,IC_A,15.272,25.41,60.25070173889298,50.0,-10.250701738892978,63.90619882223864,-13.906198822238643,0.2677303674934106,0.0078669642857142,90.0,CRITICAL,IMMEDIATE_REVIEW,PREDICTED_FUTURE_FAILURE,IMMEDIATE ENGINEERING REVIEW: Prioritize this component for confirmatory screening and investigate the predicted future failure risk.
C060244,LOT-006,IC_A,15.312,23.394,60.16812481502525,50.0,-10.168124815025251,63.82362189837091,-13.82362189837091,0.2670007429465789,0.0078669642857142,90.0,CRITICAL,IMMEDIATE_REVIEW,PREDICTED_FUTURE_FAILURE,IMMEDIATE ENGINEERING REVIEW: Prioritize this component for confirmatory screening and investigate the predicted future failure risk.
C030002,LOT-003,IC_A,15.918,27.2,60.6952345237679,50.0,-10.695234523767901,64.35073160711356,-14.350731607113559,0.2665311578795708,0.0078669642857142,90.0,CRITICAL,IMMEDIATE_REVIEW,PREDICTED_FUTURE_FAILURE,IMMEDIATE ENGINEERING REVIEW: Prioritize this component for confirmatory screening and investigate the predicted future failure risk.
C030086,LOT-003,IC_A,15.995,23.483,60.74697531673877,50.0,-10.74697531673877,64.40247240008443,-14.402472400084434,0.2663808054567784,0.0078669642857142,90.0,CRITICAL,IMMEDIATE_REVIEW,PREDICTED_FUTURE_FAILURE,IMMEDIATE ENGINEERING REVIEW: Prioritize this component for confirmatory screening and investigate the predicted future failure risk.
C090194,LOT-009,IC_A,15.735,21.629,60.45810755907282,50.0,-10.458107559072822,64.11360464241848,-14.11360464241848,0.2662089735659096,0.0078669642857142,90.0,CRITICAL,IMMEDIATE_REVIEW,PREDICTED_FUTURE_FAILURE,IMMEDIATE ENGINEERING REVIEW: Prioritize this component for confirmatory screening and investigate the predicted future failure risk.
C090011,LOT-009,IC_A,15.001,24.09,59.59299412373736,50.0,-9.592994123737363,63.24849120708302,-13.24849120708302,0.2654285364508176,0.0078669642857142,90.0,CRITICAL,IMMEDIATE_REVIEW,PREDICTED_FUTURE_FAILURE,IMMEDIATE ENGINEERING REVIEW: Prioritize this component for confirmatory screening and investigate the predicted future failure risk.
C100463,LOT-010,IC_A,18.992,28.278,63.5346056071221,50.0,-13.534605607122103,67.19010269046777,-17.190102690467768,0.2651345571852506,0.0078669642857142,90.0,CRITICAL,IMMEDIATE_REVIEW,PREDICTED_FUTURE_FAILURE,IMMEDIATE ENGINEERING REVIEW: Prioritize this component for confirmatory screening and investigate the predicted future failure risk.
C100269,LOT-010,IC_A,16.732,26.747,61.248341034493286,50.0,-11.248341034493286,64.90383811783894,-14.903838117838944,0.2649782204434124,0.0078669642857142,90.0,CRITICAL,IMMEDIATE_REVIEW,PREDICTED_FUTURE_FAILURE,IMMEDIATE ENGINEERING REVIEW: Prioritize this component for confirmatory screening and investigate the predicted future failure risk.
C010426,LOT-001,IC_A,16.261,27.329,60.74635166265679,50.0,-10.746351662656792,64.40184874600246,-14.401848746002457,0.2647937598967666,0.0078669642857142,90.0,CRITICAL,IMMEDIATE_REVIEW,PREDICTED_FUTURE_FAILURE,IMMEDIATE ENGINEERING REVIEW: Prioritize this component for confirmatory screening and investigate the predicted future failure risk.
C080316,LOT-008,IC_A,14.976,22.01,59.26457390124457,50.0,-9.264573901244567,62.92007098459023,-12.920070984590232,0.2636224636978843,0.0078669642857142,90.0,CRITICAL,IMMEDIATE_REVIEW,PREDICTED_FUTURE_FAILURE,IMMEDIATE ENGINEERING REVIEW: Prioritize this component for confirmatory screening and investigate the predicted future failure risk.
C050470,LOT-005,IC_A,15.138,22.543,59.389824276244575,50.0,-9.389824276244575,63.04532135959023,-13.045321359590233,0.2634037159300272,0.0078669642857142,90.0,CRITICAL,IMMEDIATE_REVIEW,PREDICTED_FUTURE_FAILURE,IMMEDIATE ENGINEERING REVIEW: Prioritize this component for confirmatory screening and investigate the predicted future failure risk.
C060480,LOT-006,IC_A,16.662,23.023,60.88300821527774,50.0,-10.88300821527774,64.5385052986234,-14.538505298623406,0.2632202869957008,0.0078669642857142,90.0,CRITICAL,IMMEDIATE_REVIEW,PREDICTED_FUTURE_FAILURE,IMMEDIATE ENGINEERING REVIEW: Prioritize this component for confirmatory screening and investigate the predicted future failure risk.
C080033,LOT-008,IC_A,16.955,25.959,61.14335411863134,50.0,-11.143354118631343,64.798851201977,-14.798851201977001,0.2630259173728056,0.0078669642857142,90.0,CRITICAL,IMMEDIATE_REVIEW,PREDICTED_FUTURE_FAILURE,IMMEDIATE ENGINEERING REVIEW: Prioritize this component for confirmatory screening and investigate the predicted future failure risk.
C050032,LOT-005,IC_A,16.319,25.249,60.47841937824671,50.0,-10.478419378246713,64.13391646159236,-14.133916461592364,0.262853686775278,0.0078669642857142,90.0,CRITICAL,IMMEDIATE_REVIEW,PREDICTED_FUTURE_FAILURE,IMMEDIATE ENGINEERING REVIEW: Prioritize this component for confirmatory screening and investigate the predicted future failure risk.
C070414,LOT-007,IC_A,16.837,25.884,60.994085067716966,50.0,-10.994085067716966,64.64958215106263,-14.649582151062631,0.2628397920697438,0.0078669642857142,90.0,CRITICAL,IMMEDIATE_REVIEW,PREDICTED_FUTURE_FAILURE,IMMEDIATE ENGINEERING REVIEW: Prioritize this component for confirmatory screening and investigate the predicted future failure risk.
C050154,LOT-005,IC_A,19.955,29.817,64.10927584425991,50.0,-14.109275844259912,67.76477292760558,-17.764772927605577,0.2628230705015471,0.0078669642857142,90.0,CRITICAL,IMMEDIATE_REVIEW,PREDICTED_FUTURE_FAILURE,IMMEDIATE ENGINEERING REVIEW: Prioritize this component for confirmatory screening and investigate the predicted future failure risk.
C050485,LOT-005,IC_A,16.46,30.329,60.56933926342407,50.0,-10.56933926342407,64.22483634676973,-14.224836346769735,0.2625555908537147,0.0078669642857142,90.0,CRITICAL,IMMEDIATE_REVIEW,PREDICTED_FUTURE_FAILURE,IMMEDIATE ENGINEERING REVIEW: Prioritize this component for confirmatory screening and investigate the predicted future failure risk.
C030481,LOT-003,IC_A,16.039,25.479,60.0975174466852,50.0,-10.097517446685202,63.75301453003086,-13.75301453003086,0.2622530800397928,0.0078669642857142,90.0,CRITICAL,IMMEDIATE_REVIEW,PREDICTED_FUTURE_FAILURE,IMMEDIATE ENGINEERING REVIEW: Prioritize this component for confirmatory screening and investigate the predicted future failure risk.
C050343,LOT-005,IC_A,16.663,23.84,60.71438950126259,50.0,-10.714389501262588,64.36988658460825,-14.369886584608253,0.2622106517932297,0.0078669642857142,90.0,CRITICAL,IMMEDIATE_REVIEW,PREDICTED_FUTURE_FAILURE,IMMEDIATE ENGINEERING REVIEW: Prioritize this component for confirmatory screening and investigate the predicted future failure risk.
C050460,LOT-005,IC_A,16.629,25.112,60.51339718181813,50.0,-10.513397181818128,64.16889426516379,-14.168894265163786,0.2612166498917745,0.0078669642857142,90.0,CRITICAL,IMMEDIATE_REVIEW,PREDICTED_FUTURE_FAILURE,IMMEDIATE ENGINEERING REVIEW: Prioritize this component for confirmatory screening and investigate the predicted future failure risk.
C100061,LOT-010,IC_A,20.28,29.122,64.12841454943673,50.0,-14.128414549436727,67.78391163278239,-17.78391163278239,0.2610024675561709,0.0078669642857142,90.0,CRITICAL,IMMEDIATE_REVIEW,PREDICTED_FUTURE_FAILURE,IMMEDIATE ENGINEERING REVIEW: Prioritize this component for confirmatory screening and investigate the predicted future failure risk.
C050271,LOT-005,IC_A,18.595,28.78,62.36659060994563,50.0,-12.366590609945632,66.0220876932913,-16.022087693291297,0.2605451822020573,0.0078669642857142,90.0,CRITICAL,IMMEDIATE_REVIEW,PREDICTED_FUTURE_FAILURE,IMMEDIATE ENGINEERING REVIEW: Prioritize this component for confirmatory screening and investigate the predicted future failure risk.
C030011,LOT-003,IC_A,16.844,25.094,60.45365017288955,50.0,-10.453650172889553,64.10914725623522,-14.109147256235218,0.2595812510291044,0.0078669642857142,90.0,CRITICAL,IMMEDIATE_REVIEW,PREDICTED_FUTURE_FAILURE,IMMEDIATE ENGINEERING REVIEW: Prioritize this component for confirmatory screening and investigate the predicted future failure risk.
C040094,LOT-004,IC_A,17.309,26.925,60.694702553300885,50.0,-10.694702553300885,64.35019963664655,-14.35019963664655,0.2582482294839338,0.0078669642857142,90.0,CRITICAL,IMMEDIATE_REVIEW,PREDICTED_FUTURE_FAILURE,IMMEDIATE ENGINEERING REVIEW: Prioritize this component for confirmatory screening and investigate the predicted future failure risk.
C010433,LOT-001,IC_A,17.126,26.125,60.18035173615275,50.0,-10.180351736152751,63.83584881949841,-13.835848819498409,0.2562759031913854,0.0078669642857142,90.0,CRITICAL,IMMEDIATE_REVIEW,PREDICTED_FUTURE_FAILURE,IMMEDIATE ENGINEERING REVIEW: Prioritize this component for confirmatory screening and investigate the predicted future failure risk.
C080298,LOT-008,IC_A,17.267,26.011,60.29295710100314,50.0,-10.29295710100314,63.9484541843488,-13.948454184348797,0.2561068875059711,0.0078669642857142,90.0,CRITICAL,IMMEDIATE_REVIEW,PREDICTED_FUTURE_FAILURE,IMMEDIATE ENGINEERING REVIEW: Prioritize this component for confirmatory screening and investigate the predicted future failure risk.
C100078,LOT-010,IC_A,17.155,25.583,59.9059662008408,50.0,-9.905966200840801,63.56146328418646,-13.561463284186459,0.2544700369097666,0.0078669642857142,90.0,CRITICAL,IMMEDIATE_REVIEW,PREDICTED_FUTURE_FAILURE,IMMEDIATE ENGINEERING REVIEW: Prioritize this component for confirmatory screening and investigate the predicted future failure risk.
C060220,LOT-006,IC_A,17.222,26.294,59.93337320707073,50.0,-9.93337320707073,63.58887029041639,-13.588870290416388,0.2542343643278019,0.0078669642857142,90.0,CRITICAL,IMMEDIATE_REVIEW,PREDICTED_FUTURE_FAILURE,IMMEDIATE ENGINEERING REVIEW: Prioritize this component for confirmatory screening and investigate the predicted future failure risk.
C100416,LOT-010,IC_A,19.536,30.382,61.66706355582608,50.0,-11.667063555826083,65.32256063917174,-15.32256063917174,0.2507801402132504,0.0078669642857142,90.0,CRITICAL,IMMEDIATE_REVIEW,PREDICTED_FUTURE_FAILURE,IMMEDIATE ENGINEERING REVIEW: Prioritize this component for confirmatory screening and investigate the predicted future failure risk.
C090319,LOT-009,IC_A,17.506,27.466,59.200993208694136,50.0,-9.200993208694136,62.856490292039794,-12.856490292039794,0.2481844833850841,0.0078669642857142,90.0,CRITICAL,IMMEDIATE_REVIEW,PREDICTED_FUTURE_FAILURE,IMMEDIATE ENGINEERING REVIEW: Prioritize this component for confirmatory screening and investigate the predicted future failure risk.
C080471,LOT-008,IC_A,18.063,26.743,59.41036642847433,50.0,-9.410366428474333,63.06586351181999,-13.065863511819991,0.2461152763599662,0.0078669642857142,90.0,CRITICAL,IMMEDIATE_REVIEW,PREDICTED_FUTURE_FAILURE,IMMEDIATE ENGINEERING REVIEW: Prioritize this component for confirmatory screening and investigate the predicted future failure risk.
C070393,LOT-007,IC_A,17.726,26.063,58.89430834162369,50.0,-8.894308341623692,62.54980542496935,-12.54980542496935,0.2450494544144267,0.0078669642857142,90.0,CRITICAL,IMMEDIATE_REVIEW,PREDICTED_FUTURE_FAILURE,IMMEDIATE ENGINEERING REVIEW: Prioritize this component for confirmatory screening and investigate the predicted future failure risk.
C010181,LOT-001,IC_A,17.888,27.12,59.01247725856093,50.0,-9.012477258560928,62.667974341906586,-12.667974341906586,0.2447885551104817,0.0078669642857142,90.0,CRITICAL,IMMEDIATE_REVIEW,PREDICTED_FUTURE_FAILURE,IMMEDIATE ENGINEERING REVIEW: Prioritize this component for confirmatory screening and investigate the predicted future failure risk.
C030229,LOT-003,IC_A,18.144,27.067,58.96512081537912,50.0,-8.965120815379123,62.62061789872478,-12.620617898724781,0.2429828619963043,0.0078669642857142,90.0,CRITICAL,IMMEDIATE_REVIEW,PREDICTED_FUTURE_FAILURE,IMMEDIATE ENGINEERING REVIEW: Prioritize this component for confirmatory screening and investigate the predicted future failure risk.
C060329,LOT-006,IC_A,17.192,24.75,57.90191907665942,50.0,-7.901919076659418,61.55741616000508,-11.557416160005083,0.2423209468848775,0.0078669642857142,90.0,CRITICAL,IMMEDIATE_REVIEW,PREDICTED_FUTURE_FAILURE,IMMEDIATE ENGINEERING REVIEW: Prioritize this component for confirmatory screening and investigate the predicted future failure risk.
C030212,LOT-003,IC_A,19.201,26.533,59.245709062402895,50.0,-9.245709062402895,62.90120614574855,-12.901206145748553,0.2383613634666839,0.0078669642857142,90.0,CRITICAL,IMMEDIATE_REVIEW,PREDICTED_FUTURE_FAILURE,IMMEDIATE ENGINEERING REVIEW: Prioritize this component for confirmatory screening and investigate the predicted future failure risk.
C040318,LOT-004,IC_A,20.133,26.95,60.01632087679679,50.0,-10.01632087679679,63.67181796014245,-13.671817960142448,0.2374007195047427,0.0078669642857142,90.0,CRITICAL,IMMEDIATE_REVIEW,PREDICTED_FUTURE_FAILURE,IMMEDIATE ENGINEERING REVIEW: Prioritize this component for confirmatory screening and investigate the predicted future failure risk.
C090466,LOT-009,IC_A,19.69,26.344,59.26996842143964,50.0,-9.269968421439643,62.9254655047853,-12.9254655047853,0.2355950501276169,0.0078669642857142,90.0,CRITICAL,IMMEDIATE_REVIEW,PREDICTED_FUTURE_FAILURE,IMMEDIATE ENGINEERING REVIEW: Prioritize this component for confirmatory screening and investigate the predicted future failure risk.
C090008,LOT-009,IC_A,20.085,26.966,59.57807360596348,50.0,-9.578073605963482,63.23357068930913,-13.233570689309133,0.2350778190831159,0.0078669642857142,90.0,CRITICAL,IMMEDIATE_REVIEW,PREDICTED_FUTURE_FAILURE,IMMEDIATE ENGINEERING REVIEW: Prioritize this component for confirmatory screening and investigate the predicted future failure risk.
C090025,LOT-009,IC_A,19.091,26.048,58.39400394542268,50.0,-8.394003945422682,62.04950102876834,-12.04950102876834,0.2339464520560873,0.0078669642857142,90.0,CRITICAL,IMMEDIATE_REVIEW,PREDICTED_FUTURE_FAILURE,IMMEDIATE ENGINEERING REVIEW: Prioritize this component for confirmatory screening and investigate the predicted future failure risk.
C050282,LOT-005,IC_A,22.707,29.607,61.103241742153685,50.0,-11.103241742153685,64.75873882549935,-14.75873882549935,0.22854905798901,0.0078669642857142,90.0,CRITICAL,IMMEDIATE_REVIEW,PREDICTED_FUTURE_FAILURE,IMMEDIATE ENGINEERING REVIEW: Prioritize this component for confirmatory screening and investigate the predicted future failure risk.
C070293,LOT-007,IC_A,18.235,25.539,56.46048993829783,50.0,-6.460489938297833,60.11598702164349,-10.115987021643491,0.2275326782041537,0.0078669642857142,90.0,CRITICAL,IMMEDIATE_REVIEW,PREDICTED_FUTURE_FAILURE,IMMEDIATE ENGINEERING REVIEW: Prioritize this component for confirmatory screening and investigate the predicted future failure risk.
C040191,LOT-004,IC_A,19.151,25.732,56.06004276414564,50.0,-6.060042764145642,59.71553984749129,-9.715539847491293,0.2196966831199145,0.0078669642857142,90.0,CRITICAL,IMMEDIATE_REVIEW,PREDICTED_FUTURE_FAILURE,IMMEDIATE ENGINEERING REVIEW: Prioritize this component for confirmatory screening and investigate the predicted future failure risk.
C030062,LOT-003,IC_A,19.466,25.734,55.89941910108645,50.0,-5.899419101086451,59.55491618443211,-9.554916184432109,0.2168655898874193,0.0078669642857142,90.0,CRITICAL,IMMEDIATE_REVIEW,PREDICTED_FUTURE_FAILURE,IMMEDIATE ENGINEERING REVIEW: Prioritize this component for confirmatory screening and investigate the predicted future failure risk.
C050386,LOT-005,IC_A,23.389,29.7,58.98514694868326,50.0,-8.985146948683258,62.64064403202892,-12.640644032028924,0.2118818270754955,0.0078669642857142,90.0,CRITICAL,IMMEDIATE_REVIEW,PREDICTED_FUTURE_FAILURE,IMMEDIATE ENGINEERING REVIEW: Prioritize this component for confirmatory screening and investigate the predicted future failure risk.
C050136,LOT-005,IC_A,19.119,25.416,54.04654774908427,50.0,-4.046547749084269,57.70204483242993,-7.702044832429927,0.2079020699350254,0.0078669642857142,90.0,CRITICAL,IMMEDIATE_REVIEW,PREDICTED_FUTURE_FAILURE,IMMEDIATE ENGINEERING REVIEW: Prioritize this component for confirmatory screening and investigate the predicted future failure risk.
C100103,LOT-010,IC_A,27.528,28.056,40.20917679653676,50.0,9.79082320346324,43.86467387988242,6.135326120117583,0.0754831952174807,0.0078669642857142,55.0,HIGH,PRIORITY_SCREENING,FUTURE_DRIFT,PRIORITY SCREENING: Perform enhanced screening and monitor the component for abnormal drift.
C100204,LOT-010,IC_A,27.705,28.173,39.62804934117961,50.0,10.371950658820388,43.28354642452527,6.7164535754747305,0.0709705317927358,0.0078669642857142,55.0,HIGH,PRIORITY_SCREENING,FUTURE_DRIFT,PRIORITY SCREENING: Perform enhanced screening and monitor the component for abnormal drift.
C100210,LOT-010,IC_A,27.592,27.802,32.72848448746391,50.0,17.27151551253609,36.38398157080957,13.616018429190433,0.0305743124253804,0.0078669642857142,55.0,HIGH,PRIORITY_SCREENING,FUTURE_DRIFT,PRIORITY SCREENING: Perform enhanced screening and monitor the component for abnormal drift.
C100260,LOT-010,IC_A,27.707,27.801,32.25746514222581,50.0,17.74253485777419,35.91296222557147,14.08703777442853,0.0270861020370583,0.0078669642857142,55.0,HIGH,PRIORITY_SCREENING,FUTURE_DRIFT,PRIORITY SCREENING: Perform enhanced screening and monitor the component for abnormal drift.
C050275,LOT-005,IC_A,27.353,27.666,29.355280399170265,50.0,20.644719600829735,33.01077748251593,16.989222517484073,0.0119183357093468,0.0078669642857142,55.0,HIGH,PRIORITY_SCREENING,FUTURE_DRIFT,PRIORITY SCREENING: Perform enhanced screening and monitor the component for abnormal drift.
C100242,LOT-010,IC_A,27.388,27.537,29.276306518217883,50.0,20.723693481782117,32.931803601563544,17.068196398436456,0.0112399197512969,0.0078669642857142,55.0,HIGH,PRIORITY_SCREENING,FUTURE_DRIFT,PRIORITY SCREENING: Perform enhanced screening and monitor the component for abnormal drift.
C050279,LOT-005,IC_A,26.955,27.454,28.34757126839826,50.0,21.65242873160174,32.00306835174392,17.99693164825608,0.0082891146928467,0.0078669642857142,55.0,HIGH,PRIORITY_SCREENING,FUTURE_DRIFT,PRIORITY SCREENING: Perform enhanced screening and monitor the component for abnormal drift.
C100381,LOT-010,IC_A,27.186,27.444,28.552435283098845,50.0,21.447564716901155,32.2079323664445,17.792067633555497,0.0081335433517788,0.0078669642857142,55.0,HIGH,PRIORITY_SCREENING,FUTURE_DRIFT,PRIORITY SCREENING: Perform enhanced screening and monitor the component for abnormal drift.
