component_id,module_a_status,module_a_score,predicted_168h_uA,prediction_lower_uA,prediction_upper_uA,absolute_limit_uA,point_prediction_exceeds_limit,uncertainty_crosses_limit,module_a_anomaly,module_a_watch_or_above,future_risk,final_decision,decision_reason,iddq_0h_uA,iddq_24h_uA,leakage_0h_uA,leakage_24h_uA,iddq_96h_uA,iddq_168h_uA,ground_truth,delta_0_24,actual_168h_violation,prediction_error_uA,absolute_prediction_error_uA,upper_bound_gap_to_actual_uA,actual_excess_over_limit_uA
C08014,NORMAL,0.1368158339840463,17.25282416140873,-1.1323780164051342,35.63802633922259,50.0,False,False,False,False,LOW,PASS,No significant 0h peer anomaly detected and the predicted 168h IDDQ (17.25 µA) with upper uncertainty bound (35.64 µA) remains below the specification limit of 50.00 µA.,11.7753,12.7666,1.251,1.3089,17.8351,52.2138,Absolute_Failure,0.9913000000000007,True,34.96097583859127,34.96097583859127,16.575773660777408,2.213799999999999
C08057,NORMAL,0.9125734583347516,26.708733736309497,8.323531558495635,45.09393591412336,50.0,False,False,False,False,LOW,PASS,No significant 0h peer anomaly detected and the predicted 168h IDDQ (26.71 µA) with upper uncertainty bound (45.09 µA) remains below the specification limit of 50.00 µA.,12.0123,13.2973,1.2891,1.3944,19.9913,55.5494,Absolute_Failure,1.2850000000000001,True,28.8406662636905,28.8406662636905,10.455464085876642,5.549399999999999
C08074,NORMAL,0.8563990975312539,15.442686281870705,-2.94251589594316,33.827888459684566,50.0,False,False,False,False,LOW,PASS,No significant 0h peer anomaly detected and the predicted 168h IDDQ (15.44 µA) with upper uncertainty bound (33.83 µA) remains below the specification limit of 50.00 µA.,11.119,11.5928,1.1422,1.2216,15.8654,50.9357,Absolute_Failure,0.47380000000000067,True,35.49301371812929,35.49301371812929,17.10781154031543,0.9356999999999971
C08129,NORMAL,0.2864948008764813,15.659075436880364,-2.7261267409335,34.044277614694224,50.0,False,False,False,False,LOW,PASS,No significant 0h peer anomaly detected and the predicted 168h IDDQ (15.66 µA) with upper uncertainty bound (34.04 µA) remains below the specification limit of 50.00 µA.,11.5993,12.0316,1.2341,1.2085,15.7294,53.8263,Absolute_Failure,0.4322999999999997,True,38.16722456311964,38.16722456311964,19.78202238530578,3.8263000000000034
C08149,NORMAL,0.2928157492875062,15.949305409965731,-2.435896767848132,34.3345075877796,50.0,False,False,False,False,LOW,PASS,No significant 0h peer anomaly detected and the predicted 168h IDDQ (15.95 µA) with upper uncertainty bound (34.33 µA) remains below the specification limit of 50.00 µA.,11.5662,12.3926,1.1791,1.2943,17.6405,58.1787,Absolute_Failure,0.8263999999999996,True,42.22939459003427,42.22939459003427,23.8441924122204,8.1787
C08178,NORMAL,1.6560454156759112,19.9384186780754,1.5532165002615343,38.32362085588926,50.0,False,False,False,False,LOW,PASS,No significant 0h peer anomaly detected and the predicted 168h IDDQ (19.94 µA) with upper uncertainty bound (38.32 µA) remains below the specification limit of 50.00 µA.,12.0267,13.0926,1.2828,1.3562,19.3232,52.6125,Absolute_Failure,1.0658999999999992,True,32.6740813219246,32.6740813219246,14.288879144110737,2.612499999999997
C08180,NORMAL,0.4584261033705045,19.30135718708513,0.916155009271268,37.686559364899,50.0,False,False,False,False,LOW,PASS,No significant 0h peer anomaly detected and the predicted 168h IDDQ (19.30 µA) with upper uncertainty bound (37.69 µA) remains below the specification limit of 50.00 µA.,11.4046,12.6489,1.1776,1.3197,16.9842,58.0325,Absolute_Failure,1.244299999999999,True,38.73114281291487,38.73114281291487,20.345940635101,8.032499999999999
C08215,NORMAL,1.091686150952837,29.998794792866143,11.613592615052283,48.38399697068001,50.0,False,False,False,False,LOW,PASS,No significant 0h peer anomaly detected and the predicted 168h IDDQ (30.00 µA) with upper uncertainty bound (48.38 µA) remains below the specification limit of 50.00 µA.,11.0955,12.3996,1.1665,1.3041,19.3365,54.1865,Absolute_Failure,1.3041,True,24.18770520713386,24.18770520713386,5.802503029319993,4.186500000000002
C08300,NORMAL,0.2754385553808093,21.306825608883464,2.9216234310696017,39.69202778669733,50.0,False,False,False,False,LOW,PASS,No significant 0h peer anomaly detected and the predicted 168h IDDQ (21.31 µA) with upper uncertainty bound (39.69 µA) remains below the specification limit of 50.00 µA.,11.5399,12.8266,1.2089,1.3572,15.5565,52.0876,Absolute_Failure,1.2866999999999997,True,30.780774391116537,30.780774391116537,12.395572213302671,2.087600000000002
C08307,NORMAL,1.3899188669566471,25.07961792857144,6.694415750757571,43.4648201063853,50.0,False,False,False,False,LOW,PASS,No significant 0h peer anomaly detected and the predicted 168h IDDQ (25.08 µA) with upper uncertainty bound (43.46 µA) remains below the specification limit of 50.00 µA.,10.9805,12.1811,1.1092,1.2976,16.8037,58.2491,Absolute_Failure,1.2006000000000014,True,33.16948207142856,33.16948207142856,14.784279893614702,8.249099999999999
C08316,NORMAL,1.5708814659841517,17.939894255476204,-0.4453079223376583,36.32509643329007,50.0,False,False,False,False,LOW,PASS,No significant 0h peer anomaly detected and the predicted 168h IDDQ (17.94 µA) with upper uncertainty bound (36.33 µA) remains below the specification limit of 50.00 µA.,10.9146,11.8034,1.1059,1.2192,19.5316,50.8883,Absolute_Failure,0.8887999999999998,True,32.9484057445238,32.9484057445238,14.56320356670993,0.888300000000001
C08319,NORMAL,0.4374402022084455,22.548471640178555,4.163269462364692,40.933673817992414,50.0,False,False,False,False,LOW,PASS,No significant 0h peer anomaly detected and the predicted 168h IDDQ (22.55 µA) with upper uncertainty bound (40.93 µA) remains below the specification limit of 50.00 µA.,11.438,12.7267,1.2415,1.3237,20.0311,54.7794,Absolute_Failure,1.2886999999999986,True,32.23092835982145,32.23092835982145,13.845726182007589,4.7794000000000025
C08338,NORMAL,0.8605380138986312,15.730001148115084,-2.65520102969878,34.115203325928945,50.0,False,False,False,False,LOW,PASS,No significant 0h peer anomaly detected and the predicted 168h IDDQ (15.73 µA) with upper uncertainty bound (34.12 µA) remains below the specification limit of 50.00 µA.,11.2367,12.0224,1.1764,1.2271,15.7052,51.6854,Absolute_Failure,0.7856999999999985,True,35.955398851884915,35.955398851884915,17.570196674071056,1.6854000000000013
C08354,NORMAL,1.2395583867769289,20.38981548780177,2.0046133099879064,38.77501766561564,50.0,False,False,False,False,LOW,PASS,No significant 0h peer anomaly detected and the predicted 168h IDDQ (20.39 µA) with upper uncertainty bound (38.78 µA) remains below the specification limit of 50.00 µA.,11.9582,13.0699,1.2833,1.3676,18.6538,50.6913,Absolute_Failure,1.1117000000000008,True,30.30148451219823,30.30148451219823,11.916282334384356,0.6912999999999982
C08360,NORMAL,1.0667126894834622,16.87367007668077,-1.511532101133092,35.258872254494634,50.0,False,False,False,False,LOW,PASS,No significant 0h peer anomaly detected and the predicted 168h IDDQ (16.87 µA) with upper uncertainty bound (35.26 µA) remains below the specification limit of 50.00 µA.,12.4475,13.352,1.2983,1.4103,18.0738,61.8201,Absolute_Failure,0.9045000000000005,True,44.94642992331923,44.94642992331923,26.561227745505363,11.820099999999996
C08408,NORMAL,1.572655087036426,19.426113914404752,1.040911736590889,37.81131609221862,50.0,False,False,False,False,LOW,PASS,No significant 0h peer anomaly detected and the predicted 168h IDDQ (19.43 µA) with upper uncertainty bound (37.81 µA) remains below the specification limit of 50.00 µA.,10.7958,11.9191,1.1185,1.2422,14.1029,54.1088,Absolute_Failure,1.1233000000000004,True,34.68268608559525,34.68268608559525,16.297483907781384,4.108800000000002
C08419,NORMAL,0.2314942395041914,24.81799916130953,6.432796983495663,43.20320133912339,50.0,False,False,False,False,LOW,PASS,No significant 0h peer anomaly detected and the predicted 168h IDDQ (24.82 µA) with upper uncertainty bound (43.20 µA) remains below the specification limit of 50.00 µA.,11.8834,13.1494,1.2197,1.3859,20.3392,58.409,Absolute_Failure,1.266,True,33.59100083869047,33.59100083869047,15.20579866087661,8.408999999999999
C08422,WATCH,2.3006321535747967,14.346929183829364,-4.0382729939844975,32.732131361643226,50.0,False,False,False,True,LOW,PASS,"Module A identified a watch-level 0h deviation (score 2.30), but the predicted 168h value (14.35 µA) and its uncertainty remain below the specification limit.",10.7208,11.6388,1.0978,1.2055,18.9304,53.3096,Absolute_Failure,0.9179999999999993,True,38.96267081617064,38.96267081617064,20.577468638356777,3.309600000000003
C08442,NORMAL,0.5647492215487473,24.061985128625537,5.676782950811674,42.4471873064394,50.0,False,False,False,False,LOW,PASS,No significant 0h peer anomaly detected and the predicted 168h IDDQ (24.06 µA) with upper uncertainty bound (42.45 µA) remains below the specification limit of 50.00 µA.,11.711,12.9863,1.1957,1.4093,17.5739,56.3994,Absolute_Failure,1.2752999999999997,True,32.33741487137446,32.33741487137446,13.952212693560597,6.3994
C08533,NORMAL,0.2018781156208959,20.030679789323862,1.6454776115100032,38.41588196713773,50.0,False,False,False,False,LOW,PASS,No significant 0h peer anomaly detected and the predicted 168h IDDQ (20.03 µA) with upper uncertainty bound (38.42 µA) remains below the specification limit of 50.00 µA.,11.6054,12.7253,1.2227,1.3171,15.6751,56.501,Absolute_Failure,1.1199000000000012,True,36.470320210676135,36.470320210676135,18.08511803286227,6.500999999999998
C08547,NORMAL,0.6567745226015339,16.836064819444445,-1.5491373583694177,35.22126699725831,50.0,False,False,False,False,LOW,PASS,No significant 0h peer anomaly detected and the predicted 168h IDDQ (16.84 µA) with upper uncertainty bound (35.22 µA) remains below the specification limit of 50.00 µA.,12.101,12.9769,1.2748,1.3925,17.9778,53.9689,Absolute_Failure,0.8758999999999997,True,37.13283518055555,37.13283518055555,18.747633002741686,3.968899999999998
C08557,NORMAL,0.7361475905721961,17.495431492361128,-0.889770685452735,35.88063367017499,50.0,False,False,False,False,LOW,PASS,No significant 0h peer anomaly detected and the predicted 168h IDDQ (17.50 µA) with upper uncertainty bound (35.88 µA) remains below the specification limit of 50.00 µA.,12.3307,12.8425,1.2814,1.2997,15.0115,55.7935,Absolute_Failure,0.5117999999999991,True,38.298068507638874,38.298068507638874,19.912866329825015,5.793500000000002
C08565,NORMAL,0.0838996512420009,21.42744658164681,3.042244403832949,39.81264875946067,50.0,False,False,False,False,LOW,PASS,No significant 0h peer anomaly detected and the predicted 168h IDDQ (21.43 µA) with upper uncertainty bound (39.81 µA) remains below the specification limit of 50.00 µA.,11.3595,12.5955,1.1901,1.312,17.0726,50.0572,Absolute_Failure,1.2359999999999989,True,28.629753418353193,28.629753418353193,10.24455124053933,0.057200000000001694
C08596,NORMAL,0.3184329154650101,22.51542160149711,4.130219423683247,40.900623779310976,50.0,False,False,False,False,LOW,PASS,No significant 0h peer anomaly detected and the predicted 168h IDDQ (22.52 µA) with upper uncertainty bound (40.90 µA) remains below the specification limit of 50.00 µA.,11.6228,12.8224,1.2371,1.3431,17.77,60.4566,Absolute_Failure,1.1996000000000002,True,37.94117839850289,37.94117839850289,19.555976220689026,10.456600000000002
C08628,NORMAL,1.5819525660201654,19.52020022691668,1.1349980491028155,37.90540240473054,50.0,False,False,False,False,LOW,PASS,No significant 0h peer anomaly detected and the predicted 168h IDDQ (19.52 µA) with upper uncertainty bound (37.91 µA) remains below the specification limit of 50.00 µA.,12.6295,13.729,1.3236,1.4771,21.532,56.5795,Absolute_Failure,1.099499999999999,True,37.059299773083325,37.059299773083325,18.674097595269465,6.579500000000003
C08666,NORMAL,0.3398334017661398,16.30022596417483,-2.084976213639031,34.685428141988695,50.0,False,False,False,False,LOW,PASS,No significant 0h peer anomaly detected and the predicted 168h IDDQ (16.30 µA) with upper uncertainty bound (34.69 µA) remains below the specification limit of 50.00 µA.,11.2841,12.0793,1.1748,1.2907,14.4772,51.1225,Absolute_Failure,0.7951999999999995,True,34.822274035825174,34.822274035825174,16.437071858011308,1.1225000000000023
C08676,NORMAL,1.291313460885404,19.319287351925155,0.934085174111292,37.70448952973902,50.0,False,False,False,False,LOW,PASS,No significant 0h peer anomaly detected and the predicted 168h IDDQ (19.32 µA) with upper uncertainty bound (37.70 µA) remains below the specification limit of 50.00 µA.,11.1388,12.1117,1.1174,1.2295,16.6432,53.3555,Absolute_Failure,0.972900000000001,True,34.036212648074844,34.036212648074844,15.651010470260978,3.3554999999999993
C08707,WATCH,2.0123597931768145,20.828051542247184,2.4428493644333216,39.21325372006105,50.0,False,False,False,True,LOW,PASS,"Module A identified a watch-level 0h deviation (score 2.01), but the predicted 168h value (20.83 µA) and its uncertainty remain below the specification limit.",12.3314,13.3525,1.2871,1.4565,18.7269,51.4252,Absolute_Failure,1.0210999999999988,True,30.597148457752812,30.597148457752812,12.21194627993895,1.4251999999999967
C08721,NORMAL,1.0266964696547722,25.46749649672621,7.082294318912346,43.85269867454007,50.0,False,False,False,False,LOW,PASS,No significant 0h peer anomaly detected and the predicted 168h IDDQ (25.47 µA) with upper uncertainty bound (43.85 µA) remains below the specification limit of 50.00 µA.,10.9824,12.3566,1.1583,1.3257,15.8028,51.7315,Absolute_Failure,1.3742,True,26.264003503273788,26.264003503273788,7.878801325459925,1.731499999999997
C08767,NORMAL,0.1087304762832476,20.28438583125001,1.899183653436144,38.66958800906387,50.0,False,False,False,False,LOW,PASS,No significant 0h peer anomaly detected and the predicted 168h IDDQ (20.28 µA) with upper uncertainty bound (38.67 µA) remains below the specification limit of 50.00 µA.,11.5052,12.5266,1.2014,1.3499,19.6503,50.8911,Absolute_Failure,1.0213999999999999,True,30.606714168749992,30.606714168749992,12.22151199093613,0.8911000000000016
C08800,NORMAL,0.5780053668747794,25.80899070000001,7.423788522186147,44.19419287781388,50.0,False,False,False,False,LOW,PASS,No significant 0h peer anomaly detected and the predicted 168h IDDQ (25.81 µA) with upper uncertainty bound (44.19 µA) remains below the specification limit of 50.00 µA.,11.4308,12.6183,1.1639,1.3254,18.1896,55.4963,Absolute_Failure,1.1875,True,29.68730929999999,29.68730929999999,11.302107122186115,5.496299999999998
C08804,NORMAL,0.7247491143537368,22.278654523809514,3.893452345995652,40.663856701623374,50.0,False,False,False,False,LOW,PASS,No significant 0h peer anomaly detected and the predicted 168h IDDQ (22.28 µA) with upper uncertainty bound (40.66 µA) remains below the specification limit of 50.00 µA.,11.3058,12.2786,1.1817,1.256,19.5787,53.417,Absolute_Failure,0.9728000000000012,True,31.138345476190487,31.138345476190487,12.753143298376628,3.4170000000000016
C08806,NORMAL,0.6469907016886162,19.14659721507936,0.7613950372654941,37.53179939289322,50.0,False,False,False,False,LOW,PASS,No significant 0h peer anomaly detected and the predicted 168h IDDQ (19.15 µA) with upper uncertainty bound (37.53 µA) remains below the specification limit of 50.00 µA.,11.6642,12.5869,1.2103,1.3133,16.5286,56.3823,Absolute_Failure,0.9227000000000007,True,37.23570278492064,37.23570278492064,18.85050060710678,6.382300000000001
C08810,NORMAL,0.3982651904103872,22.794384340277773,4.40918216246391,41.17958651809164,50.0,False,False,False,False,LOW,PASS,No significant 0h peer anomaly detected and the predicted 168h IDDQ (22.79 µA) with upper uncertainty bound (41.18 µA) remains below the specification limit of 50.00 µA.,12.0004,13.1163,1.2377,1.386,20.1925,55.588,Absolute_Failure,1.1159,True,32.79361565972223,32.79361565972223,14.408413481908362,5.588000000000001
C08812,NORMAL,1.851356222230301,19.903185873809537,1.5179836959956745,38.2883880516234,50.0,False,False,False,False,LOW,PASS,No significant 0h peer anomaly detected and the predicted 168h IDDQ (19.90 µA) with upper uncertainty bound (38.29 µA) remains below the specification limit of 50.00 µA.,11.2082,12.3272,1.147,1.2655,17.0264,54.7293,Absolute_Failure,1.1189999999999998,True,34.82611412619046,34.82611412619046,16.440911948376602,4.729300000000002
C08838,NORMAL,0.0903664399554352,20.469257157837298,2.084054980023435,38.85445933565116,50.0,False,False,False,False,LOW,PASS,No significant 0h peer anomaly detected and the predicted 168h IDDQ (20.47 µA) with upper uncertainty bound (38.85 µA) remains below the specification limit of 50.00 µA.,11.5545,12.7102,1.2182,1.3729,17.5574,57.1608,Absolute_Failure,1.1556999999999995,True,36.691542842162704,36.691542842162704,18.306340664348845,7.160800000000002
C08839,NORMAL,1.6857987088270698,16.53125908939256,-1.8539430884213035,34.91646126720642,50.0,False,False,False,False,LOW,PASS,No significant 0h peer anomaly detected and the predicted 168h IDDQ (16.53 µA) with upper uncertainty bound (34.92 µA) remains below the specification limit of 50.00 µA.,11.1654,11.4605,1.1263,1.188,14.9575,55.9509,Absolute_Failure,0.2950999999999997,True,39.41964091060744,39.41964091060744,21.034438732793575,5.950899999999997
C08848,NORMAL,0.3715241398858683,19.62767504613096,1.2424728683170976,38.01287722394483,50.0,False,False,False,False,LOW,PASS,No significant 0h peer anomaly detected and the predicted 168h IDDQ (19.63 µA) with upper uncertainty bound (38.01 µA) remains below the specification limit of 50.00 µA.,11.8723,12.8744,1.2646,1.336,15.3311,52.7034,Absolute_Failure,1.0021000000000004,True,33.07572495386904,33.07572495386904,14.690522776055175,2.703400000000002
C08916,NORMAL,0.4811055316635991,20.027911610317457,1.6427094325035938,38.41311378813132,50.0,False,False,False,False,LOW,PASS,No significant 0h peer anomaly detected and the predicted 168h IDDQ (20.03 µA) with upper uncertainty bound (38.41 µA) remains below the specification limit of 50.00 µA.,11.1819,12.415,1.1866,1.3157,16.7829,50.4769,Absolute_Failure,1.2330999999999985,True,30.448988389682544,30.448988389682544,12.063786211868681,0.47690000000000055
C08937,WATCH,1.9450261941939828,18.12814867896825,-0.257053498845611,36.51335085678211,50.0,False,False,False,True,LOW,PASS,"Module A identified a watch-level 0h deviation (score 1.95), but the predicted 168h value (18.13 µA) and its uncertainty remain below the specification limit.",12.1078,13.0567,1.2711,1.3501,17.4777,50.943,Absolute_Failure,0.9489000000000001,True,32.814851321031746,32.814851321031746,14.429649143217887,0.9429999999999978
C08964,NORMAL,1.2728163707904474,28.95799531468252,10.572793136868658,47.34319749249639,50.0,False,False,False,False,LOW,PASS,No significant 0h peer anomaly detected and the predicted 168h IDDQ (28.96 µA) with upper uncertainty bound (47.34 µA) remains below the specification limit of 50.00 µA.,11.2701,12.5759,1.1735,1.341,18.99,61.7478,Absolute_Failure,1.3058000000000014,True,32.78980468531748,32.78980468531748,14.404602507503611,11.747799999999998
C08966,NORMAL,0.4981405999287099,19.30093341262691,0.9157312348130482,37.68613559044077,50.0,False,False,False,False,LOW,PASS,No significant 0h peer anomaly detected and the predicted 168h IDDQ (19.30 µA) with upper uncertainty bound (37.69 µA) remains below the specification limit of 50.00 µA.,12.1587,13.3879,1.3001,1.4033,17.1271,56.0684,Absolute_Failure,1.2292000000000005,True,36.767466587373086,36.767466587373086,18.382264409559227,6.068399999999997
C08969,NORMAL,0.2545075282696727,23.16368185884104,4.778479681027175,41.5488840366549,50.0,False,False,False,False,LOW,PASS,No significant 0h peer anomaly detected and the predicted 168h IDDQ (23.16 µA) with upper uncertainty bound (41.55 µA) remains below the specification limit of 50.00 µA.,11.4964,12.8024,1.1848,1.338,17.4311,52.2398,Absolute_Failure,1.306000000000001,True,29.07611814115896,29.07611814115896,10.690915963345105,2.2398000000000025
C08997,NORMAL,0.2601533229812109,30.93513416626985,12.549931988455992,49.320336344083714,50.0,False,False,False,False,LOW,PASS,No significant 0h peer anomaly detected and the predicted 168h IDDQ (30.94 µA) with upper uncertainty bound (49.32 µA) remains below the specification limit of 50.00 µA.,11.6649,13.0832,1.2134,1.3721,15.717,57.5519,Absolute_Failure,1.4183000000000003,True,26.616765833730152,26.616765833730152,8.23156365591629,7.551900000000003
C09018,NORMAL,0.0958117466051226,18.45061740458569,0.0654152267718295,36.83581958239955,50.0,False,False,False,False,LOW,PASS,No significant 0h peer anomaly detected and the predicted 168h IDDQ (18.45 µA) with upper uncertainty bound (36.84 µA) remains below the specification limit of 50.00 µA.,11.5232,12.6299,1.2029,1.3163,17.1003,58.3552,Absolute_Failure,1.1067,True,39.90458259541431,39.90458259541431,21.519380417600452,8.355200000000004
C09041,NORMAL,0.8378996855453952,27.06095552343978,8.675753345625917,45.44615770125364,50.0,False,False,False,False,LOW,PASS,No significant 0h peer anomaly detected and the predicted 168h IDDQ (27.06 µA) with upper uncertainty bound (45.45 µA) remains below the specification limit of 50.00 µA.,11.8114,13.0679,1.168,1.3722,16.9245,52.7752,Absolute_Failure,1.256499999999999,True,25.714244476560218,25.714244476560218,7.329042298746359,2.775199999999998
C09182,NORMAL,0.3935890220778398,31.012676063266625,12.627473885452762,49.39787824108049,50.0,False,False,False,False,LOW,PASS,No significant 0h peer anomaly detected and the predicted 168h IDDQ (31.01 µA) with upper uncertainty bound (49.40 µA) remains below the specification limit of 50.00 µA.,11.7271,13.3726,1.2183,1.4129,19.7801,51.9921,Absolute_Failure,1.6455000000000002,True,20.979423936733376,20.979423936733376,2.5942217589195096,1.9921000000000006
C09198,NORMAL,0.5174005115804574,14.835958509929648,-3.5492436678842143,33.22116068774351,50.0,False,False,False,False,LOW,PASS,No significant 0h peer anomaly detected and the predicted 168h IDDQ (14.84 µA) with upper uncertainty bound (33.22 µA) remains below the specification limit of 50.00 µA.,11.3438,12.1818,1.1854,1.2834,19.0596,61.8443,Absolute_Failure,0.838000000000001,True,47.00834149007035,47.00834149007035,28.623139312256484,11.844299999999997
C09279,NORMAL,1.3816386375010414,19.85159870992827,1.4663965321144057,38.236800887742135,50.0,False,False,False,False,LOW,PASS,No significant 0h peer anomaly detected and the predicted 168h IDDQ (19.85 µA) with upper uncertainty bound (38.24 µA) remains below the specification limit of 50.00 µA.,11.021,12.0197,1.1002,1.2719,19.883,53.3669,Absolute_Failure,0.9986999999999995,True,33.51530129007173,33.51530129007173,15.130099112257867,3.366900000000001
C09374,NORMAL,0.1747848390361648,27.470471485302177,9.085269307488314,45.85567366311604,50.0,False,False,False,False,LOW,PASS,No significant 0h peer anomaly detected and the predicted 168h IDDQ (27.47 µA) with upper uncertainty bound (45.86 µA) remains below the specification limit of 50.00 µA.,11.5012,13.3115,1.1949,1.4238,21.1834,56.8434,Absolute_Failure,1.8102999999999998,True,29.372928514697826,29.372928514697826,10.98772633688396,6.843400000000003
C09391,NORMAL,0.6286008553460911,22.8515819068182,4.466379729004334,41.23678408463206,50.0,False,False,False,False,LOW,PASS,No significant 0h peer anomaly detected and the predicted 168h IDDQ (22.85 µA) with upper uncertainty bound (41.24 µA) remains below the specification limit of 50.00 µA.,11.7212,13.0354,1.2557,1.3505,19.35,55.7701,Absolute_Failure,1.3141999999999996,True,32.9185180931818,32.9185180931818,14.533315915367936,5.770099999999999
C09403,NORMAL,0.241876044079744,22.96971630228176,4.584514124467894,41.35491848009562,50.0,False,False,False,False,LOW,PASS,No significant 0h peer anomaly detected and the predicted 168h IDDQ (22.97 µA) with upper uncertainty bound (41.35 µA) remains below the specification limit of 50.00 µA.,11.5208,12.7841,1.226,1.3126,17.0999,53.6267,Absolute_Failure,1.263300000000001,True,30.65698369771824,30.65698369771824,12.27178151990438,3.6266999999999996
C09473,NORMAL,0.1792230358866793,30.26451112491246,11.879308947098597,48.649713302726326,50.0,False,False,False,False,LOW,PASS,No significant 0h peer anomaly detected and the predicted 168h IDDQ (30.26 µA) with upper uncertainty bound (48.65 µA) remains below the specification limit of 50.00 µA.,11.629,12.9596,1.1976,1.3513,19.7958,60.8406,Absolute_Failure,1.3306000000000004,True,30.576088875087542,30.576088875087542,12.190886697273676,10.840600000000002
C09489,NORMAL,1.0938627070677804,22.09378716882632,3.7085849910124544,40.47898934664018,50.0,False,False,False,False,LOW,PASS,No significant 0h peer anomaly detected and the predicted 168h IDDQ (22.09 µA) with upper uncertainty bound (40.48 µA) remains below the specification limit of 50.00 µA.,11.529,12.7044,1.2274,1.3644,18.2431,52.6167,Absolute_Failure,1.1753999999999998,True,30.52291283117368,30.52291283117368,12.137710653359825,2.6167000000000016
C09504,WATCH,2.186667199311729,15.147634192025317,-3.237567985788546,33.53283636983918,50.0,False,False,False,True,LOW,PASS,"Module A identified a watch-level 0h deviation (score 2.19), but the predicted 168h value (15.15 µA) and its uncertainty remain below the specification limit.",10.8555,11.4713,1.1225,1.1861,14.0689,57.9718,Absolute_Failure,0.6158000000000001,True,42.82416580797469,42.82416580797469,24.43896363016082,7.971800000000002
C09531,NORMAL,0.0921187499063824,22.42851936923702,4.0433171914231565,40.81372154705088,50.0,False,False,False,False,LOW,PASS,No significant 0h peer anomaly detected and the predicted 168h IDDQ (22.43 µA) with upper uncertainty bound (40.81 µA) remains below the specification limit of 50.00 µA.,11.8133,13.0486,1.2532,1.3992,17.7152,61.5177,Absolute_Failure,1.2353000000000005,True,39.08918063076298,39.08918063076298,20.703978452949116,11.517699999999998
C09590,NORMAL,0.4712213280751969,28.95638739682541,10.571185219011545,47.34158957463927,50.0,False,False,False,False,LOW,PASS,No significant 0h peer anomaly detected and the predicted 168h IDDQ (28.96 µA) with upper uncertainty bound (47.34 µA) remains below the specification limit of 50.00 µA.,11.3141,12.6995,1.1561,1.3458,15.8006,57.6477,Absolute_Failure,1.3854000000000006,True,28.69131260317459,28.69131260317459,10.306110425360728,7.6477
C09592,NORMAL,1.652883019104971,31.02808176117427,12.642879583360408,49.41328393898813,50.0,False,False,False,False,LOW,PASS,No significant 0h peer anomaly detected and the predicted 168h IDDQ (31.03 µA) with upper uncertainty bound (49.41 µA) remains below the specification limit of 50.00 µA.,12.2489,13.7207,1.266,1.4484,20.5296,55.4508,Absolute_Failure,1.4718,True,24.42271823882573,24.42271823882573,6.037516061011871,5.450800000000001
C09600,NORMAL,0.9259185285911185,27.544050489486576,9.158848311672712,45.92925266730044,50.0,False,False,False,False,LOW,PASS,No significant 0h peer anomaly detected and the predicted 168h IDDQ (27.54 µA) with upper uncertainty bound (45.93 µA) remains below the specification limit of 50.00 µA.,12.402,13.813,1.2904,1.4595,21.6056,51.0493,Absolute_Failure,1.4110000000000014,True,23.505249510513426,23.505249510513426,5.1200473326995635,1.0493000000000023
C09618,NORMAL,0.8073094825067729,16.82323359910714,-1.561968578706722,35.20843577692101,50.0,False,False,False,False,LOW,PASS,No significant 0h peer anomaly detected and the predicted 168h IDDQ (16.82 µA) with upper uncertainty bound (35.21 µA) remains below the specification limit of 50.00 µA.,11.7571,12.1007,1.2278,1.2536,14.7517,54.4395,Absolute_Failure,0.34360000000000035,True,37.61626640089286,37.61626640089286,19.231064223078995,4.4395000000000024
C09663,NORMAL,0.4832407467001035,17.281410824702377,-1.103791353111486,35.66661300251624,50.0,False,False,False,False,LOW,PASS,No significant 0h peer anomaly detected and the predicted 168h IDDQ (17.28 µA) with upper uncertainty bound (35.67 µA) remains below the specification limit of 50.00 µA.,11.7411,12.7367,1.1871,1.3475,16.7124,53.2805,Absolute_Failure,0.9956000000000014,True,35.99908917529763,35.99908917529763,17.61388699748376,3.2805000000000035
C09773,NORMAL,0.7804312113005828,29.833311157738045,11.448108979924182,48.218513335551904,50.0,False,False,False,False,LOW,PASS,No significant 0h peer anomaly detected and the predicted 168h IDDQ (29.83 µA) with upper uncertainty bound (48.22 µA) remains below the specification limit of 50.00 µA.,11.7469,13.1315,1.2168,1.4022,21.0378,60.7542,Absolute_Failure,1.3846000000000007,True,30.920888842261952,30.920888842261952,12.535686664448093,10.754199999999997
C09816,NORMAL,1.243331045071408,22.22720236299601,3.842000185182148,40.61240454080988,50.0,False,False,False,False,LOW,PASS,No significant 0h peer anomaly detected and the predicted 168h IDDQ (22.23 µA) with upper uncertainty bound (40.61 µA) remains below the specification limit of 50.00 µA.,11.977,12.6827,1.2749,1.275,15.5329,56.9207,Absolute_Failure,0.7057000000000002,True,34.693497637003986,34.693497637003986,16.30829545919012,6.9206999999999965
C09821,NORMAL,0.6110148381874344,15.856325444940472,-2.5288767328733908,34.24152762275433,50.0,False,False,False,False,LOW,PASS,No significant 0h peer anomaly detected and the predicted 168h IDDQ (15.86 µA) with upper uncertainty bound (34.24 µA) remains below the specification limit of 50.00 µA.,11.1574,12.2197,1.181,1.2844,19.6469,52.987,Absolute_Failure,1.0622999999999987,True,37.13067455505953,37.13067455505953,18.74547237724567,2.987000000000002
C09853,NORMAL,0.5265478657225227,18.029189881250016,-0.356012296563847,36.41439205906388,50.0,False,False,False,False,LOW,PASS,No significant 0h peer anomaly detected and the predicted 168h IDDQ (18.03 µA) with upper uncertainty bound (36.41 µA) remains below the specification limit of 50.00 µA.,12.007,12.5065,1.1991,1.3156,17.3799,54.5144,Absolute_Failure,0.49950000000000117,True,36.48521011874999,36.48521011874999,18.100007940936123,4.514400000000002
C09905,NORMAL,1.8189404510633584,14.905532813900551,-3.4796693639133114,33.290734991714416,50.0,False,False,False,False,LOW,PASS,No significant 0h peer anomaly detected and the predicted 168h IDDQ (14.91 µA) with upper uncertainty bound (33.29 µA) remains below the specification limit of 50.00 µA.,10.9372,11.1366,1.1064,1.2017,14.3355,54.4661,Absolute_Failure,0.1993999999999989,True,39.56056718609945,39.56056718609945,21.17536500828558,4.466099999999997
C09965,NORMAL,1.424231226903246,22.104387047718248,3.719184869904385,40.489589225532114,50.0,False,False,False,False,LOW,PASS,No significant 0h peer anomaly detected and the predicted 168h IDDQ (22.10 µA) with upper uncertainty bound (40.49 µA) remains below the specification limit of 50.00 µA.,12.298,13.2471,1.312,1.425,19.8338,55.0386,Absolute_Failure,0.9490999999999996,True,32.934212952281754,32.934212952281754,14.549010774467888,5.038600000000002
C09974,NORMAL,0.4621339711358596,24.923506287256483,6.53830410944262,43.308708465070346,50.0,False,False,False,False,LOW,PASS,No significant 0h peer anomaly detected and the predicted 168h IDDQ (24.92 µA) with upper uncertainty bound (43.31 µA) remains below the specification limit of 50.00 µA.,11.6478,12.9293,1.1839,1.3114,18.2568,54.934,Absolute_Failure,1.2814999999999994,True,30.010493712743514,30.010493712743514,11.625291534929652,4.9339999999999975
C09990,NORMAL,0.1026139946533798,29.15131889444444,10.76611671663057,47.536521072258296,50.0,False,False,False,False,LOW,PASS,No significant 0h peer anomaly detected and the predicted 168h IDDQ (29.15 µA) with upper uncertainty bound (47.54 µA) remains below the specification limit of 50.00 µA.,11.5139,13.055,1.2016,1.3836,18.5964,51.3467,Absolute_Failure,1.5411000000000001,True,22.19538110555556,22.19538110555556,3.8101789277417026,1.3466999999999985
C09999,NORMAL,1.6064624593771677,18.9681424507052,0.5829402728913387,37.35334462851907,50.0,False,False,False,False,LOW,PASS,No significant 0h peer anomaly detected and the predicted 168h IDDQ (18.97 µA) with upper uncertainty bound (37.35 µA) remains below the specification limit of 50.00 µA.,10.9975,11.6488,1.1221,1.2476,16.517,56.5755,Absolute_Failure,0.6512999999999991,True,37.6073575492948,37.6073575492948,19.22215537148093,6.575499999999998
